Corresponding HSN Code,GST Code,Item Description,GST Rate,Flag (Specific Rate etc.),Amount,UQC,Conditions,Chapter
"1012100, 1012910, 1012990",10101,LIVE HORSES,12,,,,,CHAPTER-1
"1013010, 1013020, 1019030, 1019090",10102,"ASSES, MULES AND HINNIES",0,,,,,CHAPTER-1
102,102,,0,,,,,CHAPTER-1
103,103,,0,,,,,CHAPTER-1
104,104,,0,,,,,CHAPTER-1
"2011000, 2012000, 2013000",201,"MEAT OF BOVINE ANIMALS, FRESH AND CHILLED- OTHER THAN IN FROZEN STATE AND PUT UP IN UNIT CONTAINERS",0,,,,,CHAPTER-2
"2021000, 2022000, 2023000",20201,"MEAT OF BOVINE ANIMALS, FROZEN- AND PUT UP IN UNIT CONTAINERS",12,,,,,CHAPTER-2
"2021000, 2022000, 2023000",20202,"MEAT OF BOVINE ANIMALS, FROZEN- AND NOT PUT UP IN UNIT CONTAINERS",?,,,,,CHAPTER-2
"2031100, 2031200, 2031900",20301,"MEAT OF SWINE, FRESH OR CHILLED- OTHER THAN IN FROZEN STATE AND PUT UP IN UNIT CONTAINERS",0,,,,,CHAPTER-2
"2032100, 2032200, 2032900",20302,"MEAT OF SWINE, FROZEN- AND PUT UP IN UNIT CONTAINERS",12,,,,,CHAPTER-2
"2041000, 2042100, 2042200, 2042300, 2043000, 2044100, 2044200, 2044300, 2045000",20401,"MEAT OF SHEEP OR GOATS, FRESH OR CHILLED- OTHER THAN IN FROZEN STATE AND PUT UP IN UNIT CONTAINERS",0,,,,,CHAPTER-2
"2041000, 2042100, 2042200, 2042300, 2043000, 2044100, 2044200, 2044300, 2045000",20402,"MEAT OF SHEEP OR GOATS, FROZEN- AND PUT UP IN UNIT CONTAINERS",12,,,,,CHAPTER-2
"2041000, 2042100, 2042200, 2042300, 2043000, 2044100, 2044200, 2044300, 2045000",20403,"MEAT OF SHEEP OR GOATS, FROZEN- AND NOT PUT UP IN UNIT CONTAINERS",?,,,,,CHAPTER-2
2050000,20501,"MEAT OF HORSES, ASSES, MULES OR HINNIES, FRESH OR CHILLED- OTHER THAN IN FROZEN STATE AND PUT UP IN UNIT CONTAINERS",0,,,,,CHAPTER-2
2050000,20502,"MEAT OF HORSES, ASSES, MULES OR HINNIES- FROZEN AND PUT UP IN UNIT CONTAINERS",12,,,,,CHAPTER-2
"2061000, 2062100, 2062200, 2062900, 2093000, 2064100, 2064900, 2068010, 2068090, 2069010, 2069090",20601,"EDIBLE OFFAL OF BOVINE ANIMALS, SWINE, SHEEP, GOATS, HORSES, ASSES, MULES OR HINNIES, FRESH OR CHILLED - OTHER THAN IN FROZEN STATE AND PUT UP IN UNIT CONTAINERS",0,,,,,CHAPTER-2
"2061000, 2062100, 2062200, 2062900, 2093000, 2064100, 2064900, 2068010, 2068090, 2069010, 2069090",20602,"EDIBLE OFFAL OF BOVINE ANIMALS, SWINE, SHEEP, GOATS, HORSES, ASSES, MULES OR HINNIES- FROZEN AND PUT UP IN UNIT CONTAINERS",12,,,,,CHAPTER-2
"2071100, 2071200, 2071300, 2071400, 2072400, 2072500, 2072600, 2072700, 2074100, 2074200, 2074300, 2074400, 2074500, 2075100, 2075200, 2075300, 2075400, 2075500, 2076000",20701,"MEAT, AND EDIBLE OFFAL, OF THE POULTRY OF HEADING 0105, FRESH, CHILLED - OTHER THAN IN FROZEN STATE AND PUT UP IN UNIT CONTAINERS",0,,,,,CHAPTER-2
"2071100, 2071200, 2071300, 2071400, 2072400, 2072500, 2072600, 2072700, 2074100, 2074200, 2074300, 2074400, 2074500, 2075100, 2075200, 2075300, 2075400, 2075500, 2076000",20703,"MEAT, AND EDIBLE OFFAL, OF THE POULTRY OF HEADING 0105, FROZEN- AND NOT PUT UP IN UNIT CONTAINERS",?,,,,,CHAPTER-2
"2081000, 2083000, 2084000, 2085000, 2086000, 2089010, 2089090",20801,"OTHER MEAT AND EDIBLE MEAT OFFAL, FRESH, CHILLED - OTHER THAN IN FROZEN STATE AND PUT UP IN UNIT CONTAINERS",0,,,,,CHAPTER-2
"2081000, 2083000, 2084000, 2085000, 2086000, 2089010, 2089090",20803,"OTHER MEAT AND EDIBLE MEAT OFFAL, FROZEN AND NOT PUT UP IN UNIT CONTAINERS",?,,,,,CHAPTER-2
"2091000, 2099000",20901,"PIG FAT, FREE OF LEAN MEAT AND POUTRY FAT, NOT RENDERED OR OTHERWISE EXTRACTED, FRESH, CHILLED- OTHER THAN IN FROZEN STATE AND PUT UP IN UNIT",0,,,,,CHAPTER-2
"2091000, 2099000",20902,"PIG FAT, FREE OF LEAN MEAT AND POUTRY FAT, NOT RENDERED OR OTHERWISE EXTRACTED, SALTED, IN BRINE, DRIED OR SMOKED- AND PUT UP IN UNIT CONTAINERS",12,,,,,CHAPTER-2
"2091000, 2099000",20903,"PIG FAT, FREE OF LEAN MEAT AND POUTRY FAT, NOT RENDERED OR OTHERWISE EXTRACTED, FROZEN- AND NOT PUT UP IN UNIT CONTAINERS",?,,,,,CHAPTER-2
"2101100, 2101200, 2101900, 2102000, 2109100, 2109200, 2109300, 2109900",21001,"MEAT AND EDIBLE MEAT OFFAL, SALTED, IN BRINE, DRIED OR SMOKED; EDIBLE FLOURS AND MEALS OF MEAT OR MEAT OFFAL-PUT UP IN UNIT CONTAINERS",12,,,,,CHAPTER-2
"2101100, 2101200, 2101900, 2102000, 2109100, 2109200, 2109300, 2109900",21002,"MEAT AND EDIBLE MEAT OFFAL, SALTED, IN BRINE, DRIED OR SMOKED; EDIBLE FLOURS AND MEALS OF MEAT OR MEAT OFFAL-NOT PUT UP IN UNIT CONTAINERS",?,,,,,CHAPTER-2
301,301,LIVE FISH,0,,,,,CHAPTER-3
302,302,"FISH, FRESH OR CHILLED, EXCLUDING FISH FILLETS AND OTHER FISH MEAT OF HEADING 0304",0,,,,,CHAPTER-3
303,303,"FISH, FROZEN, EXCLUDING FISH FILLETS AND OTHER FISH MEAT OF HEADING 0304-PROCESSED, CURED OR IN FROZEN STATE",5,,,,,CHAPTER-3
304,30401,"FISH FILLETS AND OTHER FISH MEAT (WHETHER OR NOT MINCED), FRESH, CHILLED",0,,,,,CHAPTER-3
304,30402,FISH FILLETS AND OTHER FISH MEAT (WHETHER OR NOT MINCED)- FROZEN,5,,,,,CHAPTER-3
305,305,"FISH, DRIED, SALTED OR IN BRINE; SMOKED FISH, WHETHER OR NOT COOKED BEFORE OR DURING THE SMOKING PROCESS; FLOURS, MEALS AND PELLETS, OF FISH FIT FOR HUMAN CONSUMPTION",5,,,,,CHAPTER-3
306,30601,"CRUSTACEANS, WHETHER IN SHELL OR NOT, LIVE, FRESH, CHILLED, CRUSTACEANS IN SHELL OR NOT, COOKED BY STEAMING OR BY BOILING IN WATER, CHILLED,",0,,,,,CHAPTER-3
306,30602,"CRUSTACEANS, WHETHER IN SHELL OR NOT, FROZEN, DRIED, SALTED OR IN BRINE; SMOKED CRUSTACEANS, WHETHER IN SHELL OR NOT, WHETHER OR NOT COOKED BEFORE OR DURING THE SMOKING PROCESS; CRUSTACEANS, IN SHELL, COOKED BY STEAMING OR BY BOILING IN WATER, FROZEN, DRIED, SALTED OR IN BRINE; FLOURS, MEALS AND PELLETS OF CRUSTACEANS, FIT FOR HUMAN CONSUMPTION",5,,,,,CHAPTER-3
307,30701,"MOLLUSCS, WHETHER IN SHELL OR NOT, LIVE, FRESH, CHILLED; AQUATIC INVERTEBRATES OTHER THAN CRUSTACEANS AND MOLLUSCS, LIVE, FRESH, CHILLED.",0,,,,,CHAPTER-3
307,30702,"MOLLUSCS, WHETHER IN SHELL OR NOT, FROZEN, DRIED, SALTED OR IN BRINE; AQUATIC INVERTEBRATES OTHER THAN CRUSTACEANS AND MOLLUSCS, FROZEN, DRIED, SALTED OR IN BRINE; FLOURS, MEALS AND PELLETS OF AQUATIC INVERTEBRATES OTHER THAN CRUSTACEANS, FIT FOR HUMAN CONSUMPTION",5,,,,,CHAPTER-3
308,30801,"AQUATIC INVERTEBRATES OTHER THAN CRUSTACEANS AND MOLLUSCS, LIVE, FRESH, CHILLED,",0,,,,,CHAPTER-3
"4011000, 4012000, 4014000, 4015000",40101,"MILK AND CREAM, NOT CONCENTRATED NOR CONTAINING ADDED SUGAR OR OTHER SWEETENING MATTER-EXCLUDING ULTRA HIGH TEMPERATURE (UHT) MILK",0,,,,,CHAPTER-4
"4011000, 4012000, 4014000, 4015000",40102,"MILK AND CREAM, NOT CONCENTRATED NOR CONTAINING ADDED SUGAR OR OTHER SWEETENING MATTER-ULTRA HIGH TEMPERATURE (UHT) MILK",5,,,,,CHAPTER-4
"4021010, 4021020, 4021090, 4022100, 4022910, 4022920, 4022990, 4029190, 4029910, 4029990",40201,"MILK AND CREAM, CONCENTRATED OR CONTAINING ADDED SUGAR OR OTHER SWEETENING MATTER INCLUDING SKIMMED MILK POWDER, MILK FOOD FOR BABIES, EXCLUDING CONDENSED MILK.",5,,,,,CHAPTER-4
"4029110, 4029920",40202,CONDENSED MILK,18,,,,,CHAPTER-4
4039010,40301,BUTTER MILK,0,,,,,CHAPTER-4
4039090,40302,CURD,0,,,,,CHAPTER-4
4039090,40303,LASSI,0,,,,,CHAPTER-4
"4031000, 4039090",40304,"CREAM, YOGURT, KEPHIR AND OTHER FERMENTED OR ACIDIFIED MILK AND CREAM, WHETHER OR NOT CONCENTRATED OR CONTAINING ADDED SUGAR OR OTHER",5,,,,,CHAPTER-4
"4051000, 4052000, 4059010, 4059020, 4059090",405,"BUTTER AND OTHER FATS (GHEE, BUTTER OIL ETC.) AND OILS DERIVED FROM MILK; DAIRY SPREADS",12,,,,,CHAPTER-4
4061000,40601,CURD,0,,,,,CHAPTER-4
4069000,40602,CHENA OR PANEER OTHER THAN PUT UP IN UNIT CONTAINERS AND BEARING A REGISTERED BRAND NAME.,0,,,,,CHAPTER-4
4069000,40603,CHENA OR PANEER PUT UP IN UNIT CONTAINERS AND BEARING A REGISTERED BRAND NAME.,5,,,,,CHAPTER-4
"4061000, 4062000, 4063000, 4064000",40604,CHEESE,12,,,,,CHAPTER-4
407,407,"BIRDS’ EGGS, IN SHELL, FRESH, PRESERVED OR COOKED",0,,,,,CHAPTER-4
408,408,"BIRDS’ EGGS, NOT IN SHELL, AND EGG YOLKS, FRESH, DRIED, COOKED BY STEAMING OR BY BOILING IN WATER, MOULDED, FROZEN OR OTHERWISE PRESERVED, WHETHER OR NOT CONTAINING ADDED SUGAR OR OTHER SWEETENING MATTER",5,,,,,CHAPTER-4
409,40901,"NATURAL HONEY, OTHER THAN PUT UP IN UNIT CONTAINERS AND BEARING A REGISTERED BRAND NAME.",0,,,,,CHAPTER-4
409,40902,"NATURAL HONEY, PUT UP IN UNIT CONTAINERS AND BEARING A REGISTERED BRAND NAME.",5,,,,,CHAPTER-4
410,410,"EDIBLE PRODUCTS OF ANIMAL ORIGIN, NOT ELSEWHERE SPECIFIED OR INCLUDED",5,,,,,CHAPTER-4
501,501,"HUMAN HAIR, UNWORKED, WHETHER OR NOT WASHED OR SCOURED; WASTE OF HUMAN HAIR",0,,,,,CHAPTER-5
503,503,BLANK IN TARIFF,,,,,,CHAPTER-5
504,504,"GUTS, BLADDERS AND STOMACHS OF ANIMALS (OTHER THAN FISH), WHOLE AND PIECES THEREOF, FRESH, CHILLED, FROZEN, SALTED, IN BRINE, DRIED OR SMOKED",5,,,,,CHAPTER-5
505,505,"SKINS AND OTHER PARTS OF BIRDS, WITH THEIR FEATHERS OR DOWN, FEATHERS AND PARTS OF FEATHERS (WHETHER OR NOT WITH TRIMMED EDGES) AND DOWN, NOT FURTHER WORKED THAN CLEANED, DISINFECTED OR TREATED FOR PRESERVATION; POWDER AND WASTE OF FEATHERS OR PARTS OF FEATHERS",5,,,,,CHAPTER-5
506,506,"BONES AND HORN-CORES, UNWORKED, DEFATTED, SIMPLY PREPARED (BUT NOT CUT TO SHAPE), TREATED WITH ACID OR DEGELATINISED POWDER AND WASTE OF THESE PRODUCTS",0,,,,,CHAPTER-5
50790,50701,"HOOF MEAL, HORN MEAL, ETC",0,,,,,CHAPTER-5
50710,50702,IVORY; IVORY POWDER AND WASTE,5,,,,,CHAPTER-5
508,508,"CORAL AND SIMILAR MATERIALS, UNWORKED OR SIMPLY PREPARED BUT NOT OTHERWISE WORKED; SHELLS OF MOLLUSCS, CRUSTACEANS OR ECHINODERMS AND CUTTLE- BONE, UNWORKED OR SIMPLY PREPARED BUT NOT CUT TO SHAPE, POWDER AND WASTE THEREOF",5,,,,,CHAPTER-5
509,509,BLANK IN TARIFF,,,,,,CHAPTER-5
510,510,"AMBERGRIS, CASTOREUM, CIVET AND MUSK; CANTHARIDES; BILE, WHETHER OR NOT DRIED; GLANDS AND OTHER ANIMAL PRODUCTS USED IN THE PREPARATION OF PHARMACEUTICAL PRODUCTS, FRESH, CHILLED, FROZEN OR OTHERWISE PROVISIONALLY PRESERVED",5,,,,,CHAPTER-5
511,51101,SEMEN INCLUDING FROZEN SEMEN,0,,,,,CHAPTER-5
511,51102,"ANIMAL PRODUCTS NOT ELSEWHERE SPECIFIED OR INCLUDED; DEAD ANIMALS OF CHAPTER 1 OR 3, UNFIT FOR HUMAN CONSUMPTION, OTHER THAN SEMEN INCLUDING FROZEN SEMEN",5,,,,,CHAPTER-5
602,602,"OTHER LIVE PLANTS (INCLUDING THEIR ROOTS), CUTTINGS AND SLIPS; MUSHROOM SPAWN",0,,,,,CHAPTER-6
603,603,"CUT FLOWERS AND FLOWER BUDS OF A KIND SUITABLE FOR BOUQUETS OR FOR ORNAMENTAL PURPOSES, FRESH, DRIED, DYED, BLEACHED, IMPREGNATED OR OTHERWISE PREPARED",0,,,,,CHAPTER-6
604,604,"FOLIAGE, BRANCHES AND OTHER PARTS OF PLANTS, WITHOUT FLOWERS OR FLOWER BUDS, AND GRASSES, MOSSES AND LICHENS, BEING GOODS OF A KIND SUITABLE FOR BOUQUETS OR FOR ORNAMENTAL PURPOSES, FRESH, DRIED, DYED, BLEACHED, IMPREGNATED OR OTHERWISE PREPARED",0,,,,,CHAPTER-6
701,701,"POTATOES, FRESH OR CHILLED",0,,,,,"CHAPTER-
7"
702,702,"TOMATOES, FRESH OR CHILLED",0,,,,,"CHAPTER-
7"
703,703,"ONIONS, SHALLOTS, GARLIC, LEEKS AND OTHER ALLIACEOUS VEGETABLES, FRESH OR CHILLED",0,,,,,"CHAPTER-
7"
704,704,"CABBAGES, CAULIFLOWERS, KOHLRABI, KALE AND SIMILAR EDIBLE BRASSICAS, FRESH OR CHILLED",0,,,,,"CHAPTER-
7"
705,705,"LETTUCE (LACTUCASATIVA) AND CHICORY (CICHORIUM SPP.), FRESH OR CHILLED",0,,,,,"CHAPTER-
7"
706,706,"CARROTS, TURNIPS, SALAD BEETROOT, SALSIFY, CELERIAC, RADISHES AND SIMILAR EDIBLE ROOTS, FRESH OR CHILLED",0,,,,,"CHAPTER-
7"
707,707,"CUCUMBERS OR GHERKINS, FRESH OR CHILLED",0,,,,,"CHAPTER-
7"
708,708,"LEGUMINOUS VEGETABLES, SHELLED OR UNSHELLED, FRESH OR CHILLED",0,,,,,"CHAPTER-
7"
709,709,"OTHER VEGETABLES, FRESH OR CHILLED",0,,,,,"CHAPTER-
7"
710,710,"VEGETABLES (UNCOOKED OR COOKED BY STEAMING OR BOILING IN WATER), FROZEN",5,,,,,"CHAPTER-
7"
711,711,"VEGETABLES PROVISIONALLY PRESERVED (FOR EXAMPLE, BY SULPHUR DIOXIDE GAS, IN BRINE, IN SULPHUR WATER OR IN OTHER PRESERVATIVE SOLUTIONS), BUT UNSUITABLE IN THAT STATE FOR IMMEDIATE CONSUMPTION",5,,,,,"CHAPTER-
7"
713,71301,"DRIED LEGUMINOUS VEGETABLES, SHELLED, WHETHER OR NOT SKINNED OR SPLIT- OTHER THAN PUT UP IN UNIT CONTAINER AND BEARING A REGISTERED BRAND NAME",0,,,,,"CHAPTER-
7"
713,71302,"DRIED LEGUMINOUS VEGETABLES, SHELLED, WHETHER OR NOT SKINNED OR SPLIT- PUT UP IN UNIT CONTAINER AND BEARING A REGISTERED BRAND NAME",5,,,,,"CHAPTER-
7"
713,71303,"DRIED LEGUMINOUS VEGETABLES, SHELLED, WHETHER OR NOT SKINNED OR SPLIT- PUT UP IN UNIT CONTAINER AND NOT BEARING A REGISTERED BRAND NAME",?,,,,,"CHAPTER-
7"
714,714,"MANIOC, ARROWROOT, SALEP, JERUSALEM ARTICHOKES, SWEET POTATOES AND SIMILAR ROOTS AND TUBERS WITH HIGH STARCH OR INULIN CONTENT, FRESH, CHILLED, FROZEN OR DRIED, WHETHER OR NOT SLICED OR IN THE FORM OF PELLETS; SAGO PITH",0,,,,,"CHAPTER-
7"
"8011100, 8011210, 8011220, 8011290, 8011910, 8011990",80101,"COCONUTS, FRESH OR DRIED, WHETHER OR NOT SHELLED OR PEELED-OTHER THAN IN FROZEN STATE OR PRESERVED",0,,,,,CHAPTER-8
"8013100, 8013210, 8013220, 8013290",80102,"CASHEW NUTS, FRESH OR DRIED, WHETHER OR NOT SHELLED OR PEELED",5,,,,,CHAPTER-8
"8012100, 8012200, 8012100, 8013210, 8013220, 8013290",80103,"BRAZIL NUTS, FRESH OR DRIED, WHETHER OR NOT SHELLED OR PEELED",12,,,,,CHAPTER-8
"8028010, 8028020, 8028030, 8028090",80202,"DRIED ARECA NUTS, WHETHER OR NOT SHELLED OR PEELED",5,,,,,CHAPTER-8
"8021100, 8021200, 8022100, 8022200, 8023100, 8023200, 8024100, 8024200, 8025100, 8025200, 8026100, 8026200, 8027000, 8029000",80203,"OTHER NUTS, DRIED, WHETHER OR NOT SHELLED OR PEELED, SUCH AS ALMONDS, HAZELNUTS OR FIBERTS (CORYIUS SPP.) WALNUTS, CHESTNUTS (CHASTANEA SPP.), PITACHIOS, MACADAMIA NUTS, KOLA NUTS (COLA SPP.) OTHER THAN ARECA NUTS",12,,,,,CHAPTER-8
803,803,"BANANAS, INCLUDING PLANTAINS, FRESH OR DRIED",0,,,,,CHAPTER-8
804,80402,"DATES, FIGS, PINEAPPLES, AVOCADOS, GUAVAS, MANGOES, AND MANGOSTEENS, DRIED",12,,,,,CHAPTER-8
805,80501,"CITRUS FRUIT, SUCH AS ORANGES, MANDARINS (INCLUDING TANGERINES AND SATSUMAS); CLEMENTINES, WILKINGS AND SIMILAR CITRUS HYBRIDS, GRAPEFRUIT, INCLUDING POMELOS, LEMONS (CITRUS LIMON, CITRUS LIMONUM) AND LIMES (CITRUS AURANTIFOLIA, CITRUS LATIFOLIA), FRESH",0,,,,,CHAPTER-8
805,80502,"CITRUS FRUIT, SUCH AS ORANGES, MANDARINS (INCLUDING TANGERINES AND SATSUMAS); CLEMENTINES, WILKINGS AND SIMILAR CITRUS HYBRIDS, GRAPEFRUIT, INCLUDING POMELOS, LEMONS (CITRUS LIMON, CITRUS LIMONUM) AND LIMES (CITRUS AURANTIFOLIA, CITRUS LATIFOLIA), DRIED",?,,,,,CHAPTER-8
8061000,80601,"GRAPES, FRESH",0,,,,,CHAPTER-8
8062010,80602,RAISINS,5,,,,,CHAPTER-8
8062090,80603,GRAPES-OTHERS,12,,,,,CHAPTER-8
807,807,"MELONS (INCLUDING WATERMELONS) AND PAPAWS (PAPAYAS), FRESH",0,,,,,CHAPTER-8
808,808,"APPLES, PEARS AND QUINCES, FRESH",0,,,,,CHAPTER-8
809,809,"APRICOTS, CHERRIES, PEACHES (INCLUDING NECTARINES), PLUMS AND SOLES, FRESH",0,,,,,CHAPTER-8
810,810,"OTHER FRUIT SUCH AS STRAWBERRIES, RASPBERRIES, BLACKBERRIES, MULBERRIES AND LOGANBERRIES, BLACK, WHITE OR RED CURRANTS AND GOOSEBERRIES, CRANBERRIES, BILBERRIES AND OTHER FRUITS OF THE GENUS VACCINIUM, KIWI FRUIT, DURIANS, PERSIMMONS, POMEGRANATES, TAMARIND, SAPOTA (CHICO), CUSTARD- APPLE (ATA), BORE, LICHI, FRESH",,,,,,CHAPTER-8
811,811,"FRUIT AND NUTS, UNCOOKED OR COOKED BY STEAMING OR BOILING IN WATER, FROZEN, WHETHER OR NOT CONTAINING ADDED SUGAR OR OTHER SWEETENING MATTER-OTHER THAN DRY FRUITS, IN FROZEN STATE OR PRESERVED",5,,,,,CHAPTER-8
813,813,"FRUIT, DRIED, OTHER THAN THAT OF HEADINGS 0801 TO 0806; MIXTURES OF NUTS OR DRIED FRUITS OF THIS CHAPTER",12,,,,,CHAPTER-8
814,81401,"PEEL OF CITRUS FRUIT OR MELONS (INCLUDING WATERMELONS), FRESH",0,,,,,CHAPTER-8
814,81402,"PEEL OF CITRUS FRUIT OR MELONS (INCLUDING WATERMELONS), FROZEN, DRIED OR PROVISIONALLY PRESERVED IN BRINE, IN SULPHUR WATER OR IN OTHER PRESERVATIVE SOLUTIONS",5,,,,,CHAPTER-8
901,90101,"COFFEE BEANS, NOT ROASTED",0,,,,,CHAPTER-9
901,90102,"COFFEE, WHETHER OR NOT ROASTED OR DACAFFEINATED; COFFEE HUSKS AND SKINS; COFFEE SUBSTITUTES CONTAINING COFFEE IN ANY PROPORTION-OTHER THAN COFFEE BEANS NOT ROASTED",5,,,,,CHAPTER-9
902,90201,UNPROCESSSED GREEN LEAVES OF TEA,0,,,,,CHAPTER-9
902,90202,"TEA, WHETHER OR NOT FLAVOURED-OTHER THAN UNPROCESSSED GREEN LEAVES OF TEA",5,,,,,CHAPTER-9
903,903,MATE,5,,,,,CHAPTER-9
904,904,PEPPER OF THE GENUS PIPER; DRIED OR CRUSHED OR GROUND FRUITS OF THE GENUS CAPSICUM OR OF THE GENUS PIMENTA,5,,,,,CHAPTER-9
905,905,VANILLA,5,,,,,CHAPTER-9
906,906,CINNAMON AND CINNAMON-TREE FLOWERS,5,,,,,CHAPTER-9
907,907,"CLOVES (WHOLE FRUIT, CLOVES AND STEMS)",5,,,,,CHAPTER-9
908,908,"NUTMEG, MACE AND CARDAMOMS",5,,,,,CHAPTER-9
909,909,"SEEDS OF ANISE, BADIAN, FENNEL, CORIANDER, CUMIN OR CARAWAY; JUNIPER BERRIES",5,,,,,CHAPTER-9
9101110,91001,FRESH GINGER-OTHER THAN IN PROCESSED FORM,0,,,,,CHAPTER-9
9103010,91002,FRESH TURMERIC-OTHER THAN IN PROCESSED FORM,0,,,,,CHAPTER-9
1001,100101,WHEAT AND MESLIN- OTHER THAN THOSE PUT UP IN UNIT CONTAINER AND BEARING A REGISTERED BRAND NAME,0,,,,,CHAPTER-10
1001,100102,WHEAT AND MESLIN- PUT UP IN UNIT CONTAINER AND BEARING A REGISTERED BRAND NAME,5,,,,,CHAPTER-10
1001,100103,WHEAT AND MESLIN- PUT UP IN UNIT CONTAINER AND NOT BEARING A REGISTERED BRAND NAME,?,,,,,CHAPTER-10
1002,100201,RYE- OTHER THAN THOSE PUT UP IN UNIT CONTAINER AND BEARING A REGISTERED BRAND NAME,0,,,,,CHAPTER-10
1002,100202,RYE- PUT UP IN UNIT CONTAINER AND BEARING A REGISTERED BRAND NAME,5,,,,,CHAPTER-10
1002,100203,RYE- PUT UP IN UNIT CONTAINER AND NOT BEARING A REGISTERED BRAND NAME,?,,,,,CHAPTER-10
1003,100301,BARLEY- OTHER THAN THOSE PUT UP IN UNIT CONTAINER AND BEARING A REGISTERED BRAND NAME,0,,,,,CHAPTER-10
1003,100302,BARLEY- PUT UP IN UNIT CONTAINER AND BEARING A REGISTERED BRAND NAME,5,,,,,CHAPTER-10
1003,100303,BARLEY- PUT UP IN UNIT CONTAINER AND NOT BEARING A REGISTERED BRAND NAME,?,,,,,CHAPTER-10
1004,100401,OATS- OTHER THAN THOSE PUT UP IN UNIT CONTAINER AND BEARING A REGISTERED BRAND NAME,0,,,,,CHAPTER-10
1004,100402,OATS- PUT UP IN UNIT CONTAINER AND BEARING A REGISTERED BRAND NAME,5,,,,,CHAPTER-10
1004,100403,OATS- PUT UP IN UNIT CONTAINER AND NOT BEARING A REGISTERED BRAND NAME,?,,,,,CHAPTER-10
1005,100501,MAIZE(CORN)- OTHER THAN THOSE PUT UP IN UNIT CONTAINER AND BEARING A REGISTERED BRAND NAME,0,,,,,CHAPTER-10
1005,100502,MAIZE(CORN)- PUT UP IN UNIT CONTAINER AND BEARING A REGISTERED BRAND NAME,5,,,,,CHAPTER-10
1005,100503,MAIZE(CORN)- PUT UP IN UNIT CONTAINER AND NOT BEARING A REGISTERED BRAND NAME,?,,,,,CHAPTER-10
1006,100601,RICE- OTHER THAN THOSE PUT UP IN UNIT CONTAINER AND BEARING A REGISTERED BRAND NAME,0,,,,,CHAPTER-10
1006,100602,RICE- PUT UP IN UNIT CONTAINER AND BEARING A REGISTERED BRAND NAME,5,,,,,CHAPTER-10
1007,100701,GRAIN SORGHUM- OTHER THAN THOSE PUT UP IN UNIT CONTAINER AND BEARING A REGISTERED BRAND NAME,0,,,,,CHAPTER-10
1007,100702,GRAIN SORGHUM — PUT UP IN UNIT CONTAINER AND BEARING A REGISTERED BRAND NAME,5,,,,,CHAPTER-10
1007,100703,GRAIN SORGHUM — PUT UP IN UNIT CONTAINER AND NOT BEARING A REGISTERED BRAND NAME,?,,,,,CHAPTER-10
1008,100801,"BUCKWHEAT, MILLET AND CANARY SEED; OTHER CEREALS SUCH AS JAWAR, BAJRA, RAGI- OTHER THAN THOSE PUT UP IN UNIT CONTAINER AND BEARING A REGISTERED BRAND NAME",0,,,,,CHAPTER-10
1008,100802,"BUCKWHEAT, MILLET AND CANARY SEED; OTHER CEREALS SUCH AS JAWAR, BAJRA, RAGI—PUT UP IN UNIT CONTAINER AND BEARING A REGISTERED BRAND NAME",5,,,,,CHAPTER-10
1008,100803,"BUCKWHEAT, MILLET AND CANARY SEED; OTHER CEREALS SUCH AS JAWAR, BAJRA, RAGI—PUT UP IN UNIT CONTAINER AND NOT BEARING A REGISTERED BRAND NAME",?,,,,,CHAPTER-10
"1101,, 1102,, 1105,, 1106",9902,"FLOUR, AATA, MAIDA, BESAN etc.- OTHER THAN THOSE PUT UP IN UNIT CONTAINER AND BEARING A REGISTERED BRAND NAME",0,,,,,CHAPTER-11
"1101, 1102,, 1105, 1106",9903,"FLOUR, AATA, MAIDA, BESAN etc.- PUT UP IN UNIT CONTAINER AND BEARING A REGISTERED BRAND NAME",5,,,,,CHAPTER-11
"1101, 1102,, 1105, 1106",9904,"FLOUR, AATA, MAIDA, BESAN etc.- PUT UP IN UNIT CONTAINER AND NOT BEARING A REGISTERED BRAND NAME",?,,,,,CHAPTER-11
1101,1101,WHEAT OR MESLIN FLOUR,0,,,,,CHAPTER-11
1102,1102,"CEREAL FLOURS OTHER THAN THAT OF WHEAT OR MESLIN i.e. MAIZE (CORN) FLOUR, RYE FLOUR, etc.",0,,,,,CHAPTER-11
1103,110301,"CEREAL GROATS, MEAL AND PELLETS- OTHER THAN THOSE PUT UP IN UNIT CONTAINER AND BEARING A REGISTERED BRAND NAME",0,,,,,CHAPTER-11
1103,110302,"CEREAL GROATS, MEAL AND PELLETS- PUT UP IN UNIT CONTAINER AND BEARING A REGISTERED BRAND NAME",5,,,,,CHAPTER-11
"11042200, 11042300, 11042900",110401,CEREAL GRAINS- HULLED,0,,,,,CHAPTER-11
1104,110402,"CEREAL GRAINS OTHERWISE WORKED (FOR EXAMPLE, ROLLED, FLAKED, PEARLED, SLICED, OR KIBBLED), EXCEPT RICE OF HEADING 1006; GERM OF CEREALS, WHOLE, ROLLED, FLAKED OR GROUND (i.e. OF OATS, MAIZE OR OTHER CEREALS)",5,,,,,CHAPTER-11
1105,1105,"MEAL, POWDER, FLAKES, GRANULES AND PELLETS OF POTATOES",5,,,,,CHAPTER-11
1106,110601,"FLOUR, OF THE DRIED LEGUMINOUS VEGETABLES OF HEADING 0713 (PULSES), OF SAGO OR OF ROOTS OR TUBERS OF HEADING 0714 OR OF THE PRODUCTS OF CHAPTER 8 I.E. OF TAMARIND, OF SINGODA, MANGO FLOUR, ETC.",0,,,,,CHAPTER-11
1106,110602,"MEAL AND POWDER OF THE DRIED LEGUMINOUS VEGETABLES OF HEADING 0713 (PULSES), OF SAGO OR OF ROOTS OR TUBERS OF HEADING 0714 OR OF THE PRODUCTS OF CHAPTER 8 I.E. OF TAMARIND, OF SINGODA, ETC",5,,,,,CHAPTER-11
1107,1107,"MALT, WHETHER OR NOT ROASTED",18,,,,,CHAPTER-11
1108,1108,STARCHES; INULIN,12,,,,,CHAPTER-11
11090000,1109,"WHEAT GLUTEN, WHETHER OR NOT DRIED",5,,,,,CHAPTER-11
12011000,120101,"SOYA BEANS, WHETHER OR NOT BROKEN-SEED QUALITY",0,,,,,CHAPTER-12
12019000,120102,"SOYA BEANS, WHETHER OR NOT BROKEN-OTHER THAN OF SEED QUALITY",5,,,,,CHAPTER-12
"12023010, 12023090",120201,"GROUND-NUTS, NOT ROASTED OR OTHERWISE COOKED, WHETHER OR NOT SHELLED OR BROKEN-SEED QUALITY",0,,,,,CHAPTER-12
"12024110, 12024190, 12024210, 12024220, 12024290",120202,"GROUND-NUTS, NOT ROASTED OR OTHERWISE COOKED, WHETHER OR NOT SHELLED OR BROKEN-OTHER THAN OF SEED QUALITY",5,,,,,CHAPTER-12
1203,1203,COPRA,5,,,,,CHAPTER-12
12040090,120402,"LINSEED, WHETHER OR NOT BROKEN-OTHER THAN OF SEED QUALITY",5,,,,,CHAPTER-12
12051000,120501,"RAPE OR COLZA SEEDS, WHETHER OR NOT BROKEN- SEED QUALITY",0,,,,,CHAPTER-12
12059000,120502,"RAPE OR COLZA SEEDS, WHETHER OR NOT BROKEN- OTHER THAN OF SEED QUALITY",5,,,,,CHAPTER-12
12060010,120601,"SUNFLOWER SEEDS, WHETHER OR NOT BROKEN-SEED QUALITY",0,,,,,CHAPTER-12
12060090,120602,"SUNFLOWER SEEDS, WHETHER OR NOT BROKEN-OTHER THAN OF SEED QUALITY",5,,,,,CHAPTER-12
"12071010, 12071090, 12072100, 12073010, 12074010, 12075010, 12076010, 12077010, 12079100, 12079930",120701,"OTHER OIL SEEDS AND OLEAGINOUS FRUITS, WHETHER OR NOT BROKEN- SEED QUALITY",0,,,,,CHAPTER-12
"12072900, 12073090, 12074090, 12075090, 12076090, 12077090, 12079910, 12079920, 12079940, 12079990",120702,"OTHER OIL SEEDS AND OLEAGINOUS FRUITS, WHETHER OR NOT BROKEN- OTHER THAN OF SEED QUALITY",5,,,,,CHAPTER-12
1208,1208,"FLOURS AND MEALS OF OIL SEEDS OR OLEAGINOUS FRUITS, OTHER THAN THOSE OF MUSTARD",5,,,,,CHAPTER-12
1209,1209,"SEEDS, FRUIT AND SPORES, OF A KIND USED FOR SOWING",0,,,,,CHAPTER-12
1210,121001,"HOP CONES, FRESH",0,,,,,CHAPTER-12
"12119011, 12119012, 12119013, 12119014, 12119015, 12119019",121101,"PLANTS AND PARTS OF PLANTS (INCLUDING SEEDS AND FRUITS), OF A KIND USED PRIMARILY IN PERFUMERY, IN PHARMACY OR FOR INSECTICIDAL, FUNGICIDAL OR SIMILAR PURPOSE, FRESH OR DRIED, WHETHER OR NOT CUT, CRUSHED OR POWDERED-SEED QUALITY",0,,,,,CHAPTER-12
1212,121201,"LOCUST BEANS, SEAWEEDS AND OTHER ALGAE, SUGAR BEET AND SUGARCANE, FRESH OR CHILLED,",0,,,,,CHAPTER-12
1212,121202,"LOCUST BEANS, SEAWEEDS AND OTHER ALGAE, SUGAR BEET AND SUGARCANE, FROZEN OR DRIED, WHETHER OR NOT GROUND; FRUIT STONES AND KERNELS AND OTHER VEGETABLE PRODUCTS (INCLUDING UNROASTED CHICORY ROOTS OF THE VARIETY CI-CHORIUM INTYBUS SATIVUM) OF A KIND USED PRIMARILY FOR HUMAN CONSUMPTION,NOT ELSEWHERE SPECIFIED OR INCLUDED",5,,,,,CHAPTER-12
1213,1213,"CEREAL STRAW AND HUSKS, UNPREPARED, WHETHER OR NOT CHOPPED, GROUND, PRESSED OR IN THE FORM OF PELLETS",0,,,,,CHAPTER-12
1214,1214,"SWEDES, MANGOLDS, FODDER ROOTS, HAY, LUCERNE (ALFALFA), CLOVER, SAINFOIN, FORAGE KALE, LUPINES, VETCHES AND SIMILAR FORAGE PRODUCTS, WHETHER OR NOT IN THE FORM OF PELLETS",0,,,,,CHAPTER-12
1301,130101,LAC AND SHELLAC,0,,,,,CHAPTER-13
1301,130102,"NATURAL GUMS, RESINS, GUM-RESINS AND OLEORESINS (FOR EXAMPLE, BALSAMS)-OTHER THAN LAC AND SHELLAC",5,,,,,CHAPTER-13
13019013,130103,COMPOUNDED ASAFOETIDA COMMONLY KNOWN AS HEENG,5,,,,,CHAPTER-13
1302,130201,GUR MEAL OR GUAR GUM REFINED SPLIT,5,,,,,CHAPTER-13
1302,130202,"VEGETABLE SAPS AND EXTRACTS; PECTIC SUBSTANCES, PECTINATES AND PECTATES; AGAR-AGAR AND OTHER MUCILAGES AND THICKENERS, WHETHER OR NOT MODIFIED, DERIVED FROM VEGETABLE PRODUCTS-OTHER THAN GUR MEAL OR GUAR GUM REFINED SPLIT",18,,,,,CHAPTER-13
1402,1402,BLANK IN TARIFF,,,,,,CHAPTER-14
1403,1403,BLANK IN TARIFF,,,,,,CHAPTER-14
14049040,140401,BETEL LEAVES,0,,,,,CHAPTER-14
1404,140402,"VEGETABLE PRODUCTS NOT ELSEWHERE SPECIFIED OR INCLUDED SUCH AS COTTON LINTERS, COTTON LINTERS, SOAP NUTS, HARD SEEDS, PIPS, HULLS AND NUTS, OF A KIND USED PRIMARILY FOR CARVING, COCONUT SHELL, UNWORKED, RUDRAKSHA SEEDS; - OTHER THAN BETEL LEAVES AND INDIAN KATHA",5,,,,,CHAPTER-14
1404,140403,BIDI WRAPPER LEAVES (UNDER REVERSE CHANGE),18,,,,,CHAPTER-14
14049050,140404,INDIAN KATHA,18,,,,,CHAPTER-14
1501,1501,"PIG FATS (INCLUDING LARD) AND POULTRY FAT, OTHER THAN THAT OF HEADING 0209 OR 1503",12,,,,,CHAPTER-15
1502,1502,"FATS OF BOVINE ANIMALS , SHEEP OR GOATS, OTHER THAN THOSE OF HEADING 1503",12,,,,,CHAPTER-15
1503,1503,"LARD STEARIN, LARD OIL, OLEOSTEARIN, OLEO-OIL AND TALLOW OIL, NOT EMULSIFIED OR MIXED OR OTHERWISE PREPARED",12,,,,,CHAPTER-15
1504,1504,"FATS AND OILS AND THEIR FRACTIONS, OF FISH OR MARINE MAMMALS, WHETHER OR NOT REFINED, BUT NOT CHEMICALLY MODIFIED",12,,,,,CHAPTER-15
1505,1505,WOOL GREASE AND FATTY SUBSTANCES DERIVED THEREFROM (INCLUDING LANOLIN),12,,,,,CHAPTER-15
1506,1506,"OTHER ANIMAL FATS AND OILS AND THEIR FRACTIONS, WHETHER OR NOT REFINED, BUT NOT CHEMICALLY MODIFIED",12,,,,,CHAPTER-15
1507,1507,"SOYA-BEAN OIL AND ITS FRACTIONS, WHETHER OR NOT REFINED, BUT NOT CHEMICALLY MODIFIED",5,,,,,CHAPTER-15
1508,1508,"GROUND-NUT OIL AND ITS FRACTIONS, WHETHER OR NOT REFINED, BUT NOT CHEMICALLY MODIFIED",5,,,,,CHAPTER-15
1509,1509,"OLIVE OIL AND ITS FRACTIONS, WHETHER OR NOT REFINED, BUT NOT CHEMICALLY MODIFIED",5,,,,,CHAPTER-15
1511,1511,"PALM OIL AND ITS FRACTIONS, WHETHER OR NOT REFINED, BUT NOT CHEMICALLY MODIFIED",5,,,,,CHAPTER-15
1512,1512,"SUNFLOWER SEED, SAFFLOWER OR COTTON SEED OIL AND THEIR FRACTIONS THEREOF, WHETHER OR NOT REFINED, BUT NOT CHEMICALLY MODIFIED",5,,,,,CHAPTER-15
1513,1513,"COCONUT (COPRA), PALM KERNEL OR BABASSU OIL AND FRACTIONS THEREOF, WHETHER OR NOT REFINED, BUT NOT CHEMICALLY MODIFIED",5,,,,,CHAPTER-15
1514,1514,"RAPE, COLZA OR MUSTARD OIL AND ITS FRACTIONS THEREOF, WHETHER OR NOT REFINED , BUT NOT CHEMICALLY MODIFIED",5,,,,,CHAPTER-15
1515,1515,"OTHER FIXED VEGETABLE FATS AND OILS (INCLUDING JOJOBA OIL) AND THEIR FRACTIONS, WHETHER OR NOT REFINED, BUT NOT CHEMICALLY MODIFIED",5,,,,,CHAPTER-15
1516,1516,"ANIMAL OR VEGETABLE FATS AND OILS AND THEIR FRACTIONS, PARTLY OR WHOLLY HYDROGENATED, INTER- ESTERIFIED, RE-ESTERIFIED OR ELAIDINISED, WHETHER OR NOT REFINED, BUT NOT FURTHER PREPARED",12,,,,,CHAPTER-15
1517,151701,"EDIBLE MIXTURE OR PREPARATIONS OF VEGETABLE FATS OR OILS OR OF FRACTIONS OF DIFFERENT FATS OR OILS OF THIS CHAPTER, OTHER THAN EDIBLE FATS OR OILS OR THEIR FRACTIONS OF HEADING 1516",5,,,,,CHAPTER-15
1517,151702,MARGARINE,18,,,,,CHAPTER-15
1518,1518,"ANIMAL OR VEGETABLE FATS AND OILS AND THEIR FRACTIONS, BOILED, OXIDISED, DEHYDRATED, SULPHURISED, BLOWN, POLYMERISED BY HEAT IN VACUUM OR IN INERT GAS OR OTHERWISE CHEMICALLY MODIFIED, EXCLUDING THOSE OF HEADING 1516 ; INEDIBLE MIXTURES OR PREPARATIONS OF ANIMAL OR VEGETABLE FATS OR OILS OR OF FRACTIONS OF DIFFERENT FATS OR OILS OF THIS CHAPTER, NOT ELSEWHERE SPECIFIED OR INCLUDED",12,,,,,CHAPTER-15
15200000,1520,"GLYCEROL, CRUDE; GLYCEROL WATERS AND GLYCEROL LYES",18,,,,,CHAPTER-15
1521,1521,"VEGETABLE WAXES (OTHER THAN TRIGLYCERIDES), BEESWAX, OTHER INSECT WAXES AND SPERMACETI, WHETHER OR NOT REFINED OR COLOURED",18,,,,,CHAPTER-15
1601,1601,"SAUSAGES AND SIMILAR PRODUCTS, OF MEAT, MEAT OFFAL OR BLOOD; FOOD PREPARATIONS BASED ON THESE PRODUCTS",12,,,,,CHAPTER-16
1602,1602,"OTHER PREPARED OR PRESERVED MEAT, MEAT OFFAL OR BLOOD",12,,,,,CHAPTER-16
1603,1603,"EXTRACTS AND JUICES OF MEAT, FISH OR CRUSTACEANS, MOLLUSCS OR OTHER AQUATIC INVERTEBRATES",12,,,,,CHAPTER-16
1604,1604,PREPARED OR PRESERVED FISH; CAVIAR AND CAVIAR SUBSTITUTES PREPARED FROM FISH EGGS,12,,,,,CHAPTER-16
1605,1605,"CRUSTACEANS, MOLLUSCS AND OTHER AQUATIC INVERTEBRATES, PREPARED OR PRESERVED",12,,,,,CHAPTER-16
1701,170101,CANE JAGGERY (GUR),0,,,,,CHAPTER-17
1701,170102,"BEET SUGAR, CANE SUGAR, KHANDSARI SUGAR",5,,,,,CHAPTER-17
"170191, 170199",170103,"REFINED SUGAR CONTAINING ADDED FLAVOURING OR COLOURING MATTER, SUGAR CUBES",18,,,,,CHAPTER-17
1702,170201,PALMYRA JAGGERY,0,,,,,CHAPTER-17
1702,170202,PALMYRA SUGAR,5,,,,,CHAPTER-17
1702,170203,"OTHER SUGARS, INCLUDING CHEMICALLY PURE LACTOSE, MALTOSE, GLUCOSE AND FRUCTOSE, IN SOLID FORM; SUGAR SYRUPS NOT CONTAINING ADDED FLAVOURING OR COLOURING MATTER; ARTIFICIAL HONEY, WHETHER OR NOT MIXED WITH NATURAL HONEY; CARAMEL-OTHER THAN PALMYRA SUGAR",18,,,,,CHAPTER-17
1703,1703,MOLASSES,28,,,,,CHAPTER-17
1704,170401,SUGAR CONFECTIONERY (EXCLUDING WHITE CHOCOLATE AND BUBBLE / CHEWING GUM),18,,,,,CHAPTER-17
1704,170402,"CHEWING GUM / BUBBLE GUM AND WHITE CHOCOLATE, NOT CONTAINING COCOA",28,,,,,CHAPTER-17
1801,1801,"COCOA BEANS, WHOLE OR BROKEN, RAW OR ROASTED",5,,,,,CHAPTER-18
1802,1802,"COCOA SHELLS, HUSKS, SKINS AND OTHER COCOA WASTE",5,,,,,CHAPTER-18
1803,1803,"COCOA PASTE, WHETHER OR NOT DEFATTED",5,,,,,CHAPTER-18
1805,1805,"COCOA POWDER, NOT CONTAINING ADDED SUGAR OR OTHER SWEETENING MATTER",28,,,,,CHAPTER-18
1806,1806,CHOCOLATE AND OTHER FOOD PREPARATIONS CONTAINING COCOA,28,,,,,CHAPTER-18
19012000,190101,"MIXES AND DOUGHS FOR THE PREPARATION OF BREAD, PASTRY AND OTHER BAKER'S WARES",5,,,,,CHAPTER-19
"19011010, 19011090",190102,"PREPARATIONS FOR INFANT USE, PUT UP FOR RETAIL SALE",18,,,,,CHAPTER-19
"19019010, 19019090",190103,"MALT EXTRACT; FOOD PREPARATIONS OF FLOUR, GROATS, MEAL, STARCH OR MALT EXTRACT, NOT CONTAINING COCOA OR CONTAINING LESS THAN 40% BY WEIGHT OF COCOA",28,,,,,CHAPTER-19
1902,190201,SEVIYAN (VERMICELLI),5,,,,,CHAPTER-19
1902,190202,"PASTA, WHETHER OR NOT COOKED OR STUFFED (WITH MEAT OR OTHER SUBSTANCES) OR OTHERWISE PREPARED, SUCH AS SPAGHETTI, MACARONI, NOODLES, LASAGNE, GNOCCHI, RAVIOLI, CANNELLONI; COUSCOUS, WHETHER OR NOT PREPARED.",18,,,,,CHAPTER-19
1903,1903,"TAPIOCA AND SUBSTITUTES THEREFOR PREPARED FROM STARCH, IN THE FORM OF FLAKES, GRAINS, PEARLS, SIFTINGS OR IN SIMILAR FORMS",5,,,,,CHAPTER-19
1904,190401,"PUFFED RICE, COMMONLY KNOWN AS MURI, FLATTENED OR BEATEN RICE, COMMONLY KNOWN AS CHIRA, PARCHED RICE, COMMONLY KNOWN AS KHOI, PARCHED PADDY OR RICE COATED WITH SUGAR OR GUR, COMMONLY KNOWN AS MURKI",0,,,,,CHAPTER-19
1904,190402,"CORN FLAKES, BULGAR WHEAT, PREPARED FOODS OBTAINED FROM CEREAL FLAKES",18,,,,,CHAPTER-19
1905,190501,"PAPPAD, BY WHATEVER NAME IT IS KNOWN, EXCEPT WHEN SERVED FOR CONSUMPTION",0,,,,,CHAPTER-19
1905,190502,"BREAD (BRANDED OR OTHERWISE), EXCEPT WHEN SERVED FOR CONSUMPTION AND PIZZA BREAD",0,,,,,CHAPTER-19
1905,190503,PIZZA BREAD,5,,,,,CHAPTER-19
19054000,190504,"RUSKS, TOASTED BREAD AND SIMILAR TOASTED PRODUCTS",5,,,,,CHAPTER-19
190532,190505,WAFFLES AND WAFERS OTHER THAN COATED WITH CHOCOLATE OR CONTAINING CHOCOLATE,18,,,,,CHAPTER-19
,190506,BISCUITS-SWEET BISCUITS AND OTHER BISCUITS,18,,,,,CHAPTER-19
19059010,190507,PASTRIES AND CAKES,18,,,,,CHAPTER-19
190532,190508,WAFFLES AND WAFERS COATED WITH CHOCOLATE OR CONTAINING CHOCOLATE,28,,,,,CHAPTER-19
2001,2001,"VEGETABLES, FRUIT, NUTS AND OTHER EDIBLE PARTS OF PLANTS, PREPARED OR PRESERVED BY VINEGAR OR ACETIC ACID",12,,,,,CHAPTER-20
2002,2002,TOMATOES PREPARED OR PRESERVED OTHERWISE THAN BY VINEGAR OR ACETIC ACID,12,,,,,CHAPTER-20
2003,2003,"MUSHROOMS AND TRUFFLES, PREPARED OR PRESERVED OTHERWISE THAN BY VINEGAR OR ACETIC ACID.",12,,,,,CHAPTER-20
2004,2004,"OTHER VEGETABLES PREPARED OR PRESERVED OTHERWISE THAN BY VINEGAR OR ACETIC ACID, FROZEN, OTHER THAN PRODUCTS OF HEADING 2006",12,,,,,CHAPTER-20
2005,2005,"OTHER VEGETABLES PREPARED OR PRESERVED OTHERWISE THAN BY VINEGAR OR ACETIC ACID, NOT FROZEN, OTHER THAN PRODUCTS OF HEADING 2006",12,,,,,CHAPTER-20
2006,2006,"VEGETABLES, FRUIT, NUTS, FRUIT-PEEL AND OTHER PARTS OF PLANTS, PRESERVED BY SUGAR (DRAINED, GLACÉ OR CRYSTALLISED).",12,,,,,CHAPTER-20
2007,2007,"JAMS, FRUIT JELLIES, MARMALADES, FRUIT OR NUT PURÉE AND FRUIT OR NUT PASTES, OBTAINED BY COOKING, WHETHER OR NOT CONTAINING ADDED SUGAR OR OTHER SWEETENING MATTER",12,,,,,CHAPTER-20
2008,2008,"FRUIT, NUTS AND OTHER EDIBLE PARTS OF PLANTS, OTHERWISE PREPARED OR PRESERVED, WHETHER OR NOT CONTAINING ADDED SUGAR OR OTHER SWEETENING MATTER OR SPIRIT, NOT ELSEWHERE SPECIFIED OR INCLUDED; SUCH AS GROUND-NUTS, CASHEW NUT, ROASTED, SALTED OR ROASTED AND SALTED, OTHER ROASTED NUTS AND SEEDS, SQUASH OF MANGO, LEMON, ORANGE, PINEAPPLE OR OTHER FRUITS",12,,,,,CHAPTER-20
2009,2009,"FRUIT JUICES (INCLUDING GRAPE MUST) AND VEGETABLE JUICES, UNFERMENTED AND NOT CONTAINING ADDED SPIRIT, WHETHER OR NOT CONTAINING ADDED SUGAR OR OTHER SWEETENING MATTER",12,,,,,CHAPTER-20
210130,210101,"ROASTED CHICORY AND OTHER ROASTED COFFEE SUBSTITUTES, AND EXTRACTS, ESSENCES AND CONCENTRATES THEREOF",12,,,,,CHAPTER-21
210120,210102,"EXTRACTS, ESSENCES AND CONCENTRATES, OF TEA OR MATE, AND PREPARATIONS WITH A BASIS OF THESE EXTRACTS, ESSENCES OR CONCENTRATES OR WITH A BASIS OF TEA OR MATE (I.E. INSTANT TEA, QUICK BREWING BLACK TEA, TEA AROMA, ETC.)",18,,,,,CHAPTER-21
"21011110, 21011120, 21011130, 21011190, 21011200",210103,"EXTRACTS, ESSENCES AND CONCENTRATES OF COFFEE, AND PREPARATIONS WITH A BASIS OF THESE EXTRACTS, ESSENCES OR CONCENTRATES OR WITH A BASIS OF COFFEE (I.E. INSTANT COFFEE, COFFEE AROMA, ETC.)",28,,,,,CHAPTER-21
2102,2102,YEASTS AND PREPARED BAKING POWDERS,12,,,,,CHAPTER-21
"21031000, 21032000, 21039020",210301,"KETCHUP & SAUCES (OTHER THAN CURRY PASTE; MAYONNAISE AND SALAD DRESSINGS; MIXED CONDIMENTS AND MIXED SEASONINGS), MUSTARD SAUCES",12,,,,,CHAPTER-21
"21033000, 21039010, 21039030, 21039040, 21039090",210302,"MIXED CONDIMENTS AND MIXED SEASONINGS; MUSTARD FLOUR AND MEAL AND PREPARED MUSTARD, CURRY PASTE",18,,,,,CHAPTER-21
2104,2104,SOUPS AND BROTHS AND PREPARATIONS THEREFOR; HOMOGENISED COMPOSITE FOOD PREPARATIONS,18,,,,,CHAPTER-21
2105,2105,"ICE CREAM AND OTHER EDIBLE ICE, WHETHER OR NOT CONTAINING COCOA.",18,,,,,CHAPTER-21
2106,210601,"PRASADAM SUPPLIED BY RELIGIOUS PLACES LIKE TEMPLES, MOSQUES, CHURCHES, GURUDWARAS, DARGAHS, ETC.",0,,,,,CHAPTER-21
210690,210602,SWEETMEATS,5,,,,,CHAPTER-21
21061000,210603,TEXTURISED VEGETABLE PROTEINS (SOYA BARI),12,,,,,CHAPTER-21
210690,210604,BARI MADE OF PULSES INCLUDING MUNGODI,12,,,,,CHAPTER-21
210690,210605,"NAMKEENS, BHUJIA, MIXTURE, CHABENA AND SIMILAR EDIBLE PREPARATIONS IN READY FOR CONSUMPTION FORM.",12,,,,,CHAPTER-21
2106,210607,"FOOD PREPARATIONS NOT ELSEWHERE SPECIFIED OR INCLUDED I.E. PROTEIN CONCENTRATES AND TEXTURED PROTEIN SUBSTANCES, SUGAR-SYRUPS CONTAINING ADDED FLAVOURING OR COLOURING MATTER, NOT ELSEWHERE SPECIFIED OR INCLUDED; LACTOSE SYRUP; GLUCOSE SYRUP AND MALTO DEXTRINE SYRUP, COMPOUND PREPARATIONS FOR MAKING NON-ALCOHOLIC BEVERAGES, FOOD FLAVOURING MATERIAL, CHURNA FOR PAN, CUSTARD POWDER",28,,,,,CHAPTER-21
21069020,210608,PAN MASALA,28,,,,,CHAPTER-21
2201,220101,"WATER –(OTHER THAN AERATED, MINERAL, PURIFIED, DISTILLED, MEDICINAL, IONIC, BATTERY, DE-MINERALIZED AND WATER SOLD IN SEALED CONTAINER)",0,,,,,CHAPTER-22
2201,220102,"NON-ALCOHOLIC TODDY, NEERA",0,,,,,CHAPTER-22
22019010,220103,ICE AND SNOW,5,,,,,CHAPTER-22
2201,220104,"WATERS, INCLUDING NATURAL OR ARTIFICIAL MINERAL WATERS AND AERATED WATERS, NOT CONTAINING ADDED SUGAR OR OTHER SWEETENING MATTER NOR FLAVOURED- NOT SPECIFIED ELSEWHERE",18,,,,,CHAPTER-22
22029090,220201,TENDER COCONUT WATER –OTHER THAN PUT UP IN UNIT CONTAINER AND BEARING A REGISTERED BRAND NAME,0,,,,,CHAPTER-22
22029090,220202,TENDER COCONUT WATER –PUT UP IN UNIT CONTAINER AND BEARING A REGISTERED BRAND NAME,12,,,,,CHAPTER-22
22029090,220203,TENDER COCONUT WATER –PUT UP IN UNIT CONTAINER AND NOT BEARING A REGISTERED BRAND NAME,?,,,,,CHAPTER-22
22029010,220204,SOYA MILK DRINKS,12,,,,,CHAPTER-22
22029020,220205,FRUIT PULP OR FRUIT JUICE BASED DRINKS,12,,,,,CHAPTER-22
22029030,220206,BEVERAGES CONTAINING MILK,12,,,,,CHAPTER-22
22029090,220207,OTHER NON-ALCOHOLIC BEVERAGES,28,,,,,CHAPTER-22
22072000,2207,"ETHYL ALCOHOL AND OTHER SPIRITS, DENATURED, OF ANY STRENGTH",18,,,,,CHAPTER-22
2209,2209,VINEGAR AND SUBSTITUTES FOR VINEGAR OBTAINED FROM ACETIC ACID,18,,,,,CHAPTER-22
2301,2301,"FLOURS, MEALS AND PELLETS, OF MEAT OR MEAT OFFAL, OF FISH OR OF CRUSTACEANS, MOLLUSCS OR OTHER AQUATIC INVERTEBRATES, UNFIT FOR HUMAN CONSUMPTION; GREAVES.",5,,,,,CHAPTER-23
2302,2302,"AQUATIC FEED, POULTRY FEED & CATTLE FEED, INCLUDING GRASS, HAY & STRAW, SUPPLEMENT & HUSK OF PULSES, CONCENTRATES & ADDITIVES, WHEAT BRAN & DE-OILED CAKE",0,,,,,CHAPTER-23
2303,2303,"RESIDUES OF STARCH MANUFACTURE AND SIMILAR RESIDUES, BEET-PULP, BAGASSE AND OTHER WASTE OF SUGAR MANUFACTURE, BREWING OR DISTILLING DREGS AND WASTE, WHETHER OR NOT IN THE FORM OF PELLETS",5,,,,,CHAPTER-23
2304,2304,"AQUATIC FEED, POULTRY FEED & CATTLE FEED, INCLUDING GRASS, HAY & STRAW, SUPPLEMENT & HUSK OF PULSES, CONCENTRATES & ADDITIVES, WHEAT BRAN & DE-OILED CAKE",0,,,,,CHAPTER-23
2305,2305,"AQUATIC FEED, POULTRY FEED & CATTLE FEED, INCLUDING GRASS, HAY & STRAW, SUPPLEMENT & HUSK OF PULSES, CONCENTRATES & ADDITIVES, WHEAT BRAN & DE-OILED CAKE",0,,,,,CHAPTER-23
2306,2306,"AQUATIC FEED, POULTRY FEED & CATTLE FEED, INCLUDING GRASS, HAY & STRAW, SUPPLEMENT & HUSK OF PULSES, CONCENTRATES & ADDITIVES, WHEAT BRAN & DE-OILED CAKE",0,,,,,CHAPTER-23
2307,2307,"WINE LEES; ARGOL. (LEES REFERS TO DEPOSITS OF DEAD YEAST OR RESIDUAL YEAST AND OTHER PARTICLES THAT PRECIPITATE, OR ARE CARRIED BY THE ACTION OF ""FINING"", TO THE BOTTOM OF A VAT OF WINE AFTER FERMENTATION AND AGING. ARGOL –TARTAR OBTAINED FROM WINE FERMENTATION)",5,,,,,CHAPTER-23
"2401, 2402, 2403",240101,TOBACCO LEAVES (UNDER REVERSE CHARGE),5,,,,,CHAPTER-24
"2401, 2402, 2403",240102,"ALL GOODS NOT SPECIFIED ELSEWHERE, INCLUDING BIRIS.",28,,,,,CHAPTER-24
2501,250101,SALT-ALL TYPES,0,,,,,CHAPTER-25
2502,2502,UNROASTED IRON PYRITES,5,,,,,CHAPTER-25
25030090,250301,"SULPHUR OF ALL KINDS, OTHER THAN SUBLIMED SULPHUR, PRECIPITATED SULPHUR AND COLLOIDAL SULPHUR.",5,,,,,CHAPTER-25
25030010,25030010,SULPHUR RECOVERED AS BY-PRODUCT IN REFINING OF CRUDE OIL,18,,,,,CHAPTER-25
2504,2504,NATURAL GRAPHITE,5,,,,,CHAPTER-25
2505,2505,"NATURAL SANDS OF ALL KINDS, WHETHER OR NOT COLOURED, OTHER THAN METAL BEARING SANDS OF CHAPTER 26",5,,,,,CHAPTER-25
2506,2506,"QUARTZ (OTHER THAN NATURAL SANDS); QUARTZITE, WHETHER OR NOT ROUGHLY TRIMMED OR MERELY CUT, BY SAWING OR OTHERWISE, INTO BLOCKS OR SLABS OF A RECTANGULAR (INCLUDING SQUARE) SHAPE.",5,,,,,CHAPTER-25
2507,2507,"KAOLIN AND OTHER KAOLINIC CLAYS, WHETHER OR NOT CALCINED",5,,,,,CHAPTER-25
2508,2508,"OTHER CLAYS (NOT INCLUDING EXPANDED CLAYS OF HEADING 6806), ANDALUSITE, KYANITE AND SILLIMANITE WHETHER OR NOT CALCINED; MULLITE; CHAMOTTE OR DINAS EARTHS",5,,,,,CHAPTER-25
2509,2509,CHALK,5,,,,,CHAPTER-25
2510,2510,"NATURAL CALCIUM PHOSPHATES, NATURAL ALUMINIUM CALCIUM PHOSPHATES AND PHOSPHATIC CHALK",5,,,,,CHAPTER-25
2512,2512,"SILICEOUS FOSSIL MEALS (FOR EXAMPLE, KIESELGUHR, TRIPOLITE AND DIATOMITE) AND SIMILAR SILICEOUS EARTHS, WHETHER OR NOT CALCINED, OF AN APPARENT SPECIFIC GRAVITY OF 1 OR LESS",5,,,,,CHAPTER-25
2513,2513,"PUMICE STONE; EMERY; NATURAL CORUNDUM, NATURAL GARNET AND OTHER NATURAL ABRASIVES, WHETHER OR NOT HEATTREATED",5,,,,,CHAPTER-25
2514,2514,"SLATE, WHETHER OR NOT ROUGHLY TRIMMED OR MERELY CUT, BY SAWING OR OTHERWISE, INTO BLOCKS OR SLABS OF A RECTANGULAR (INCLUDING SQUARE) SHAPE",5,,,,,CHAPTER-25
2515,251501,ECAUSSINE AND OTHER CALCAREOUS MONUMENTAL OR BUILDING STONE; ALABASTER (OTHER THAN MARBLE MARBLE AND TRAVERTINE),5,,,,,CHAPTER-25
25151210,251502,MARBLE AND TRAVERTINE BLOCKS,12,,,,,CHAPTER-25
"25151220, 25151290",251503,"MARBLE AND TRAVERTINE, OTHER THAN BLOCKS",28,,,,,CHAPTER-25
2516,251601,"PORPHYRY, BASALT, SANDSTONE AND OTHER MONUMENTAL OR BUILDING STONE, WHETHER OR NOT ROUGHLY TRIMMED OR MERELY CUT, BY SAWING OR OTHERWISE, INTO BLOCKS OR SLABS OF A RECTANGULAR (INCLUDING SQUARE) SHAPE",5,,,,,CHAPTER-25
2516,251602,GRANITE BLOCKS,12,,,,,CHAPTER-25
2516,251603,"GRANITE, OTHER THAN BLOCKS",28,,,,,CHAPTER-25
2517,2517,"PEBBLES, GRAVEL, BROKEN OR CRUSHED STONE, OF A KIND COMMONLY USED FOR CONCRETE AGGREGATES, FOR ROAD METALLING OR FOR RAILWAY OR OTHER BALLAST, SHINGLE AND FLINT, WHETHER OR NOT HEAT-TREATED; MACADAM OF SLAG, DROSS OR SIMILAR INDUSTRIAL WASTE, WHETHER OR NOT INCORPORATING THE MATERIALS CITED IN THE FIRST PART OF THE HEADING; TARRED MACADAM; GRENULES CHEEPING AND POWDER OF STONES HEADING 2515 OR 2516 WHETHER OR NOT IT TREATED.",5,,,,,CHAPTER-25
2519,2519,"NATURAL MAGNESIUM CARBONATE (MAGNESITE); FUSED MAGNESIA; DEADBURNED (SINTERED) MAGNESIA, WHETHER OR NOT CONTAINING SMALL QUANTITIES OF OTHER OXIDES ADDED BEFORE SINTERING; OTHER MAGNESIUM OXIDE, WHETHER OR NOT PURE",5,,,,,CHAPTER-25
2520,2520,"GYPSUM; ANHYDRITE; PLASTERS (CONSISTING OF CALCINED GYPSUM OR CALCIUM SULPHATE) WHETHER OR NOT COLOURED, WITH OR WITHOUT SMALL QUANTITIES OF ACCELERATORS OR RETARDERS",5,,,,,CHAPTER-25
2521,2521,"LIMESTONE FLUX; LIMESTONE AND OTHER CALCAREOUS STONE, OF A KIND USED FOR THE MANUFACTURE OF LIME OR CEMENT",5,,,,,CHAPTER-25
2522,2522,"QUICKLIME, SLAKED LIME AND HYDRAULIC LIME, OTHER THAN CALCIUM OXIDE AND HYDROXIDE OF HEADING 2825",5,,,,,CHAPTER-25
2523,2523,"PORTLAND CEMENT, ALUMINOUS CEMENT, SLAG CEMENT, SUPERSULPHATE CEMENT AND SIMILAR HYDRAULIC CEMENTS, WHETHER OR NOT COLOURED OR IN THE FORM OF CLINKERS",28,,,,,CHAPTER-25
2524,2524,ASBESTOS,5,,,,,CHAPTER-25
2525,2525,"MICA, INCLUDING SPLITTING; MICA WASTE",5,,,,,CHAPTER-25
2526,2526,"NATURAL STEATITE, WHETHER OR NOT ROUGHLY TRIMMED OR MERELY CUT, BY SAWING OR OTHERWISE, INTO BLOCKS OR SLABS OF A RECTANGULAR (INCLUDING SQUARE) SHAPE; TALC",5,,,,,CHAPTER-25
2528,2528,"NATURAL BORATES AND CONCENTRATES THEREOF (WHETHER OR NOT CALCINED), BUT NOT INCLUDING BORATES SEPARATED FROM NATURAL BRINE; NATURAL BORIC ACID CONTAINING NOT MORE THAN 85% OF H3BO3",5,,,,,CHAPTER-25
2529,2529,"FELDSPAR; LEUCITE, NEPHELINE AND NEPHELINE SYENITE; FLUORSPAR",5,,,,,CHAPTER-25
2530,2530,MINERAL SUBSTANCES NOT ELSEWHERE SPECIFIED OR INCLUDED,5,,,,,CHAPTER-25
CHAPTER 26,,,,,,,,CHAPTER-25
"2601 00 00, 2601 11 11, 2601 11 11, 2601 11 12, 2601 11 19, 2601 11 21, 2601 11 22, 2601 11 29, 2601 11 31, 2601 11 39, 2601 11 41, 2601 11 42, 2601 11 43, 2601 11 50, 2601 11 90, 2601 12 10, 2601 12 90, 2601 20 00",260101,"IRON ORES AND CONCENTRATES, INCLUDING ROASTED IRON PYRITES",5,,,,,CHAPTER-25
2603 00 00,260301,COPPER ORES AND CONCERTRATES,5,,,,,CHAPTER-25
2604 00 00,260401,NICKEL ORES AND CONCENTRATES,5,,,,,CHAPTER-25
2605 00 00,260501,COBALT ORES AND CONCENTRATES,5,,,,,CHAPTER-25
"2606, 2606 00 10, 2606 00 20, 2606 00 90",260601,ALUMINIUM ORES AND CONCENTRATES,5,,,,,CHAPTER-25
2607 00 00,260701,LEAD ORES AND CONCENTRATES,5,,,,,CHAPTER-25
2608 00 00,260801,ZINC ORES AND CONCENTRATES,5,,,,,CHAPTER-25
2609 00 00,260901,TIN ORES AND CONCENTRATES,5,,,,,CHAPTER-25
"2610, 2610 00 10, 2610 00 20, 2610 00 30, 2610 00 40, 2610 00 90",261001,CHROMIUM ORES AND CONCENTRATES,5,,,,,CHAPTER-25
2611 00 00,261101,TUNGSTEN ORES AND CONCENTRATES,5,,,,,CHAPTER-25
"2612, 2612 10 00, 2612 20 00",261201,URANIUM OR THORIUM ORES AND CONCENTRATES,5,,,,,CHAPTER-25
"2613, 2613 10 00, 2613 90 00",261301,MOLYBDENUM ORES AND CONCENTRATES,5,,,,,CHAPTER-25
"2615, 2615 10 00, 2615 90 10, 2615 90 20",261501,"NIOBIUM, TANTALUM, VANADIUM OR ZIRCONIUM ORES AND CONCENTRATES",5,,,,,CHAPTER-25
"2616 00 00, 2616 10 00, 2616 90 10, 2616 90 90",261601,PRECIOUS METAL ORES AND CONCENTRATES,5,,,,,CHAPTER-25
"2617, 2617 10 00, 2617 90 00",261701,OTHER ORES AND CONCENTRATES Antimony ores and concentrates Other,5,,,,,CHAPTER-25
2618 00 00,261801,GRANULATED SLAG (SLAG SAND) FROM THE MANUFACTURE OF IRON OR STEEL,5,,,,,CHAPTER-25
"2619 00 00, 2619 00 10, 2619 00 90",261901,"SLAG, DROSS (OTHER THAN GRANULATED SLAG), SCALINGS AND OTHER WASTE FROM THE MANUFACTURE OF IRON OR STEEL",18,,,,,CHAPTER-25
"2621 00 00, 2621 10 00, 2621 90 00",262101,"OTHER SLAG AND ASH, INLCUDING SEAWEED ASH (KELP); ASH AND RESIDUES FROM THE INCINERATION OF MUNICIPAL WASTE",18,,,,,CHAPTER-25
CHAPTER 27,,,,,,,,CHAPTER-25
"2701 00 00, 2701 11 00, 2701 12 00, 2701 19 10, 2701 19 20, 2701 19 90, 2701 20 10, 2701 20 90",270101,"COAL; BRIQUETTES, OVOIDS AND SIMILAR SOLID FUELS MANUFACTURED FROM COAL",5,,,,,CHAPTER-25
"2702 00 00, 2702 10 00, 2702 20 00",270201,"LIGNITE, WHETHER OR NOT AGGLOMERATED, EXCLUDING JET",5,,,,,CHAPTER-25
"2703 00 00, 2703 00 10, 2703 00 90",270301,"PEAT (INCLUDING PEAT LITTER), WHETHER OR NOT AGGLOMERATED",5,,,,,CHAPTER-25
,270401,,5,,,,,CHAPTER-25
2705 00 00,270501,"COAL GAS, WATER GAS, PRODUCER GAS AND SIMILAR GASES, OTHER THAN PETROLEUM GASES AND OTHER GASEOUS HYDROCARBONS",5,,,,,CHAPTER-25
"2706 00 00, 2706 00 10, 2706 00 90",270601,"TAR DISTILLED FROM COAL, FROM LIGNITE OR FROM PEAT AND OTHER MINERAL TARS, WHETHER OR NOT DEHYDRATED OR PARTIALLY DISTILLED, INCLUDING RECONSTITUTED TARS",5,,,,,CHAPTER-25
2707 50 00,270701,Other aromatic hydrocarbon mixtures of which 65% or more by volume (including losses) distils at 250OC by the ASTM D 86 method,?,,,,,CHAPTER-25
2707 91 00,270702,Creosote oils,?,,,,,CHAPTER-25
2707 99 00,270703,Other,?,,,,,CHAPTER-25
"2708 00 00, 2708 10 10, 2708 10 90, 2708 2090",270801,"PITCH AND PITCH COKE, OBTAINED FROM COAL TAR OR FROM OTHER MINERAL TARS",18,,,,,CHAPTER-25
2709 00 00,270901,"PETROLEUM OILS AND OILS OBTAINED FROM BITUMINOUS MINERALS, CRUDE",?,,,,,CHAPTER-25
2710 00 00,2710,"PETROLEUM OILS AND OILS OBTAINED FROM BITUMINOUS MINERALS, OTHER THAN CRUDE; PREPARATIONS NOT ELSEWHERE SPECIFIED OR INCLUDED, CONTAINING BY WEIGHT 70% OR MORE OF PETROLEUM OILS OR OF OILS OBTAINED FROM BITUMINOUS MINERALS, THESE OILS BEING THE BASIC CONSTITUENTS OF THE PREPARATIONS; WASTE OILS",,,,,,CHAPTER-25
2710 19 20,271001,Aviation turbine fuel (ATF),0,,,,,CHAPTER-25
2710 19 10,227002,Kerosene PDS,5,,,,,CHAPTER-25
,271003,,18,Petrol and Diesel ATF are not in GST.,,,,CHAPTER-25
2710 19 90,271004,Avgas,28,,,,,CHAPTER-25
2710 20 00,2710,"Petroleum oils and oils obtained from bituminous minerals (other than crude) and preparations not elsewhere specified or included, containing by weight 70 % or more of petroleum oils or of oils obtained from bituminous minerals, these oils being the basic constituents of the preparations, containing biodiesel, other than waste oils",?,,,,,CHAPTER-25
2711 00 00,271102,PETROLEUM GASES AND OTHER GASEOUS HYDROCARBONS (Bio- Gas),12,,,,,CHAPTER-25
2711 00 00,271103,PETROLEUM GASES AND OTHER GASEOUS HYDROCARBONS,18,,,,,CHAPTER-25
2712 00 00,271201,"PETROLEUM JELLY, PARAFFIN WAX, MICROCRYSTALLINE PETROLEUM WAX, SLACK WAX, OZOKERITE, LIGNITE WAX, PEAT WAX, OTHER MINERAL WAXES, AND SIMILAR PRODUCTS OBTAINED BY SYNTHESIS OR BY OTHER PROCESSES, WHETHER OR NOT COLOURED",18,,,,,CHAPTER-25
2713 00 00,271301,"PETROLEUM COKE, PETROLEUM BITUMEN AND OTHER RESIDUES OF PETROLEUM OILS OR OF OILS OBTAINED FROM BITUMINOUS MINERALS",18,,,,,CHAPTER-25
2714 00 00,271401,"BITUMEN AND ASPHALT, NATURAL; BITUMINOUS OR OIL SHALE AND TAR SANDS; ASPHALTITES AND ASPHALTIC ROCKS",18,,,,,CHAPTER-25
2715 00 00,271501,,18,,,,,CHAPTER-25
2716 00 00,,ELECTRICAL ENERGY,0,,,,,CHAPTER-25
CHAPTER 28,,,,,,,,CHAPTER-25
2801 00 00,2801,"FLUORINE, CHLORINE, BROMINE AND IODINE",,,,,,CHAPTER-25
2801 20 00,280101,Iodine,12,,,,,CHAPTER-25
2801 10 00,280102,Chlorine,18,,,,,CHAPTER-25
2801 30 00,280103,Fluorine; bromine :,18,,,,,CHAPTER-25
2802 00 00,280201,"2802 SULPHUR, SUBLIMED OR PRECIPITATED; COLLOIDAL SULPHUR",18,,,,,CHAPTER-25
2803 00 00,280301,CARBON (CARBON BLACKS AND OTHER FORMS OF CARBON NOT ELSEWHERE SPECIFIED OR INCLUDED),18,,,,,CHAPTER-25
2804 00 00,280401,"HYDROGEN, RARE GASES AND OTHER NON-METALS",18,,,,,CHAPTER-25
2805 00 00,280501,"ALKALI OR ALKALINE-EARTH METALS; RARE-EARTH METALS,SCANDIUM AND YTTRIUM, WHETHER OR NOT INTERMIXED OR INTERALLOYED; MERCURY",18,1. Thorium oxalate. 2. Enriched KBF4 (enriched potassium fluroborate). 3. Enriched,,,,CHAPTER-25
2807 00 00,280701,SULPHURIC ACID; OLEUM,18,,,,,CHAPTER-25
2808 00 00,280801,NITRIC ACID; SULPHONITRIC ACIDS,18,,,,,CHAPTER-25
2809 00 00,280901,"DIPHOSPHORUS PENTAOXIDE; PHOSPHORIC ACID; POLYPHOSPHORIC ACIDS, WHETHER OR NOT CHEMICALLY DEFINED",,,,,,CHAPTER-25
2810 00 00,281001,OXIDES OF BORON; BORIC ACIDS,18,,,,,CHAPTER-25
2811 00 00,281101,OTHER INORGANIC ACIDS AND OTHER INORGANIC OXYGEN COMPOUNDS OF NON-METALS,18,,,,,CHAPTER-25
2812 00 00,281201,HALIDES AND HALIDE OXIDES OF NON-METALS,18,,,,,CHAPTER-25
2813 00 00,281301,SULPHIDES OF NON-METALS; COMMERCIAL PHOSPHORUS TRISULPHIDE,18,,,,,CHAPTER-25
2814 00 00,281401,"AMMONIA, ANHYDROUS OR IN AQUEOUS SOLUTION",18,,,,,CHAPTER-25
2815 00 00,281501,SODIUM HYDROXIDE (CAUSTIC SODA); POTASSIUM HYDROXIDE (CAUSTIC POTASH); PEROXIDES OF SODIUM OR POTASSIUM,18,,,,,CHAPTER-25
2816 00 00,281601,"HYDROXIDE AND PEROXIDE OF MAGNESIUM; OXIDES, HYDROXIDES AND PEROXIDES, OF STRONTIUM OR BARIUM",18,,,,,CHAPTER-25
2817 00 00,281701,ZINC OXIDE; ZINC PEROXIDE,18,,,,,CHAPTER-25
2819 00 00,281901,CHROMIUM OXIDES AND HYDROXIDES,18,,,,,CHAPTER-25
2820 00 00,282001,MANGANESE OXIDES,18,,,,,CHAPTER-25
2821 00 00,282101,IRON OXIDES AND HYDROXIDES; EARTH COLOURS CONTAINING 70% OR MORE BY WEIGHT OF COMBINED IRON EVALUATED AS Fe2O3,18,,,,,CHAPTER-25
2822 00 00,282201,COBALT OXIDES AND HYDROXIDES; COMMERCIAL COBALT OXIDES,18,,,,,CHAPTER-25
2823 00 00,282301,TITANIUM OXIDES,18,,,,,CHAPTER-25
2824 00 00,282401,LEAD OXIDES; RED LEAD AND ORANGE LEAD,18,,,,,CHAPTER-25
2825 00 00,282501,"HYDRAZINE AND HYDROXYLAMINE AND THEIR INORGANIC SALTS; OTHER INORGANIC BASES; OTHER METAL OXIDES, HYDROXIDES AND PEROXIDES",18,,,,,CHAPTER-25
2826 00 00,282601,"FLUORIDES; FLUOROSILICATES, FLUOROALUMINATES AND OTHER COMPLEX FLUORINE SALTS",18,,,,,CHAPTER-25
2828 00 00,282801,HYPOCHLORITES; COMMERCIAL CALCIUM HYPOCHLORITES; CHLORITES; HYPOBROMITES,18,,,,,CHAPTER-25
2829 00 00,282901,CHLORATES AND PERCHLORATES; BROMATES AND PERBROMATES; IODATES AND PERIODATES,18,Potassium Iodate is under 12% GST Rate,,,,CHAPTER-25
2830 00 00,283001,"SULPHIDES; POLYSULPHIDES, WHETHER OR NOT CHEMICALLY DEFINED",18,,,,,CHAPTER-25
2831 00 00,283101,DITHIONITES AND SULPHOXYLATES,18,,,,,CHAPTER-25
2832 00 00,283201,SULPHITES; THIOSULPHATES,18,,,,,CHAPTER-25
2833 00 00,283301,SULPHATES; ALUMS; PEROXOSULPHATES (PERSULPHATES),18,,,,,CHAPTER-25
2834 00 00,283401,NITRITES; NITRATES,18,,,,,CHAPTER-25
2835 00 00,283501,"PHOSPHINATES (HYPOPHOSPHITES), PHOSPHONATES (PHOSPHITES) AND PHOSPHATES; POLYPHOSPHATES, WHETHER OR NOT CHEMICALLY DEFINED",18,,,,,CHAPTER-25
2837 00 00,283701,"CYANIDES, CYANIDE OXIDES AND COMPLEX CYANIDES",18,,,,,CHAPTER-25
2838 00 00,283801,Omitted.,,,,,,CHAPTER-25
2839 00 00,283901,SILICATES; COMMERCIAL ALKALI METAL SILICATES,18,,,,,CHAPTER-25
2840 00 00,284001,BORATES; PEROXOBORATES (PERBORATES),18,,,,,CHAPTER-25
2841 00 00,284101,SALTS OF OXOMETALLIC OR PEROXOMETALLIC ACIDS,18,,,,,CHAPTER-25
2842 00 00,284201,"OTHER SALTS OF INORGANIC ACIDS OR PEROXOACIDS, (INCLUDING ALUMINOSILICATES, WHETHER OR NOT CHEMICALLY DEFINED), OTHER THAN AZIDES",18,,,,,CHAPTER-25
2843 00 00,284301,"COLLOIDAL PRECIOUS METALS; INORGANIC OR ORGANIC COMPOUNDS OF PRECIOUS METALS, WHETHER OR NOT CHEMICALLY DEFINED; AMALGAMS OF PRECIOUS METALS",18,,,,,CHAPTER-25
"2845 00 00, 2845 10 00",284501,"ISOTOPES OTHER THAN THOSE OF HEADING 2844; COMPOUNDS, INORGANIC OR ORGANIC, OF SUCH ISOTOPES, WHETHER OR NOT CHEMICALLY DEFINED (Heavy water and other nuclear fuels)",5,Clarity,,,,CHAPTER-25
2846 00 00,284601,"COMPOUNDS, INORGANIC OR ORGANIC, OF RARE-EARTH METALS, OF YTTRIUM OR OF SCANDIUM OR OF MIXTURES OF THESE METALS",18,,,,,CHAPTER-25
2847 00 00,284701,"HYDROGEN PEROXIDE, WHETHER OR NOT SOLIDIFIED WITH UREA.",18,Medicinal grade hydrogen peroxide 2847 under 12% GST Rate.,,,,CHAPTER-25
2848 00 00,284801,"PHOSPHIDES, WHETHER OR NOT CHEMICALLY DEFINED, EXCLUDING FERROPHOSPHORUS",18,,,,,CHAPTER-25
2849 00 00,284901,"CARBIDES, WHETHER OR NOT CHEMICALLY DEFINED",18,,,,,CHAPTER-25
2850 00 00,285001,,18,,,,,CHAPTER-25
2851 00 00,285101,Omitted.,,,,,,CHAPTER-25
2852 00 00,285201,"INORGANIC OR ORGANIC COMPOUNDS OF MERCURY, WHETHER OR NOT CHEMICALLY DEFINED, EXCLUDING AMALGAMS",18,,,,,CHAPTER-25
"2853 00 00, 2853 00 10, 2853 00 20, 2853 00 40, 2853 00 91, 2853 00 99",285301,"OTHER INORGANIC COMPOUNDS (INCLUDING DISTILLED OR CONDUCTIVITY WATER AND WATER OF SIMILAR PURITY); LIQUID AIR (WHETHER OR NOT RARE GASES HAVE BEEN REMOVED) COMPRESSED AIR; AMALGAMS, OTHER THAN AMALGAMS OF PRECIOUS METALS",18,,,,,CHAPTER-25
2853 00 30,285302,Compressed air.,5,,,,,CHAPTER-25
,2901,GIBBERELLIC ACID,12,,,,,CHAPTER-29
,290101,All goods not specified elsewhere,18,,,,,CHAPTER-29
2902,2902,CYCLIC HYDROCARBONS,18,,,,,CHAPTER-29
2903,2903,HALOGENATED DERIVATIVES OF HYDROCARBONS,18,,,,,CHAPTER-29
2904,2904,"SULPHONATED, NITRATED OR NITROSATED DERIVATIVES OF HYDROCARBONS, WHETHER OR NOT HALOGENATED",18,,,,,CHAPTER-29
2905,2905,"ACYCLIC ALCOHOLS AND THEIR HALOGENATED, SULPHONATED, NITRATED OR NITROSATED DERIVATIVES",18,,,,,CHAPTER-29
2906,2906,"CYCLIC ALCOHOLS AND THEIR HALOGENATED, SULPHONATED, NITRATED OR NITROSATED DERIVATIVES",18,,,,,CHAPTER-29
2907,2907,PHENOLS; PHENOL-ALCOHOLS,18,,,,,CHAPTER-29
2908,2908,"HALOGENATED, SULPHONATED, NITRATED OR NITROSATED",18,,,,,CHAPTER-29
2909,2909,"DETEHREIVRAST, EIVTEHSE OR-FA PLHCEONHOOLLSS O, ERT HER- PHENOLS, ETHERALCOHOL- PHENOLS, ALCOHOL PEROXIDES, ETHER PEROXIDES, KETONE PEROXIDES (WHETHER OR NOT CHEMICALLY DEFINED), AND THEIR HALOGENATED, SULPHONATED, NITRATED OR NITROSATED DERIVATIVES",18,,,,,CHAPTER-29
2911,2911,"ACETALS AND HEMIACETALS, WHETHER OR NOT WITH OTHER OXYGEN FUNCTION, AND THEIR HALOGENATED, SULPHONATED, NITRATED OR NITROSATED DERIVATIVES",18,,,,,CHAPTER-29
2912,2912,"ALDEHYDES, WHETHER OR NOT WITH OTHER OXYGEN FUNCTION; CYCLIC POLYMERS OF ALDEHYDES; PARAFORMALDEHYDE",18,,,,,CHAPTER-29
2913,2913,"HALOGENATED, SULPHONATED, NITRATED OR NITROSATED DERIVATIVES OF PRODUCTS OF HEADING 2912",18,,,,,CHAPTER-29
2914,2914,"KETONES AND QUINONES, WHETHER OR NOT WITH OTHER OXYGEN FUNCTION, AND THEIR HALOGENATED, SULPHONATED, NITRATED OR NITROSATED DERIVATIVES",18,,,,,CHAPTER-29
2916,2916,"UNSATURATED ACYCLIC MONOCARBOXYLIC ACIDS, CYCLIC MONOCARBOXYLIC ACIDS, THEIR ANHYDRIDES, HALIDES, PEROXIDES AND PEROXYACIDS; THEIR HALOGENATED, SULPHONATED, NITRATED OR NITROSATED DERIVATIVES",18,,,,,CHAPTER-29
2917,2917,"POLYCARBOXYLIC ACIDS, THEIR ANHYDRIDES, HALIDES, PEROXIDES AND PEROXYACIDS; THEIR HALOGENATED, SULPHONATED, NITRATED OR NITROSATED DERIVATIVES",18,,,,,CHAPTER-29
2918,2918,"CARBOXYLIC ACIDS WITH ADDITIONAL OXYGEN FUNCTION AND THEIR ANHYDRIDES, HALIDES, PEROXIDES AND PEROXYACIDS; THEIR HALOGENATED, SULPHONATED, NITRATED OR NITROSATED DERIVATIVES",18,,,,,CHAPTER-29
2920,2920,"ESTERS OF OTHER INORGANIC ACIDS OF NON-METALS (EXCLUDING ESTERS OF HYDROGEN ALLIEDS AND THEIR SALTS; THEIR HALOGENATED, SULPHONATED, NITRATED OR NITROSATED DERIVATIVES",18,,,,,CHAPTER-29
2921,2921,AMINE- FUNCTION COMPOUNDS,18,,,,,CHAPTER-29
2922,2922,OXYGEN-FUNCTION AMINO- COMPOUNDS,18,,,,,CHAPTER-29
2923,2923,"QUATERNARY AMMONIUM SALTS AND HYDROXIDES; LECITHINS AND OTHER PHOSPHOAMINOLIPIDS, WHETHER OR NOT CHEMICALLY DEFINED",18,,,,,CHAPTER-29
2924,2924,CARBOXYAMIDE-FUNCTION COMPOUNDS; AMIDE-FUNCTION COMPOUNDS OF ONIC ACID,18,,,,,CHAPTER-29
2925,2925,CARBOXYIMIDE-FUNCTION COMPOUNDS (INCLUDING SACCHARIN AND ITS SALTS) AND IMINE-FUNCTION COMPOUNDS,18,,,,,CHAPTER-29
2927,2927,"DIAZO-, AZO- OR AZOXY- COMPOUNDS",18,,,,,CHAPTER-29
2928,2928,ORGANIC DERIVATIVES OF HYDRAZINE OR OF HYDROXYLAMINE,18,,,,,CHAPTER-29
2929,2929,COMPOUNDS WITH OTHER NITROGEN FUNCTION,18,,,,,CHAPTER-29
2930,2930,ORGANO-SULPHUR COMPOUNDS,18,,,,,CHAPTER-29
2931,2931,OTHER ORGANO-INORGANIC COMPOUNDS,18,,,,,CHAPTER-29
2932,2932,HETEROCYCLIC COMPOUNDS WITH OXYGEN HETEROATOM (S) ONLY,18,,,,,CHAPTER-29
2933,2933,HETEROCYCLIC COMPOUNDS WITH NITROGEN HETERO-ATOM(S) ONLY,18,,,,,CHAPTER-29
2934,2934,NUCLEIC ACIDS AND THEIR SALTS; WHETHER OR NOT CHEMICALLY DEFINED; OTHER HETEROCYCLIC COMPOUNDS,18,,,,,CHAPTER-29
2935,2935,SULPHONAMIDES,18,,,,,CHAPTER-29
2936,2936,"PROVITAMINS AND VITAMINS, NATURAL OR REPRODUCED BY SYNTHESIS (INCLUDING NATURAL CONCENTRATES), DERIVATIVES THEREOF USED PRIMARILY AS VITAMINS, AND INTERMIXTURES OF THE FOREGOING, WHETHER OR NOT IN ANY SOLVENT",18,,,,,CHAPTER-29
2938,2938,"GLYCOSIDES AND VEGETABLE ALKALOIDS, NATURAL OR REPRODUCED BY SYNTHESIS, AND THEIR SALTS, ETHERS, ESTERS AND OTHER DERIVATIVES",18,,,,,CHAPTER-29
2939,2939,"VEGETABLE ALKALOIDS, NATURAL OR REPRODUCED BY SYNTHESIS, AND THEIR SALTS, ETHERS, ESTERS AND OTHER DERIVATIVES",18,,,,,CHAPTER-29
2940,2940,"SUGARS, CHEMICALLY PURE, OTHER THAN SUCROSE, LACTOSE, MALTOSE, GLUCOSE AND FRUCTOSE; SUGAR ETHERS, SUGAR ACETALS AND SUGAR ESTERS AND THEIR SALTS, OTHER THAN PRODUCTS OF HEADINGS 2937, 2938 OR 2939",18,,,,,CHAPTER-29
2941,2941,ANTIBIOTICS,18,,,,,CHAPTER-29
2942,2942,OTHER ORGANIC COMPOUNDS,18,,,,,CHAPTER-29
"All goods falling under chapter 29 [organic chemicals, being intermediates] are at, 18% [These were omissions]",,,,,,,,CHAPTER-29
CHAPTER 30,,,,,,,,CHAPTER-29
3001,3001,"GLANDS AND OTHER ORGANS FOR ORGANOTHERAPEUTIC USES, DRIED,WHETHER OR NOT POWDERED; EXTRACTS OF GLANDS OR OTHER ORGANS OR OF THEIR SECRETIONS FOR ORGANOTHERAPEUTIC USES; HEPARIN AND ITS SALTS; OTHER HUMAN OR ANIMAL SUBSTANCES PREPARED FOR THERAPEUTIC OR PROPHYLACTIC USES, NOT ELSEWHERE SPECIFIED OR INCLUDED",12,,,,,CHAPTER-29
30029010,300201,HUMAN BLOOD AND ITS COMPONENTS,0,,,,,CHAPTER-29
3002,300202,Animal or Human Blood Vaccines,5,,,,,CHAPTER-29
"3003, 30039011, 30039012, 30039013, 30039014, 30039015",3003,"MEDICAMENTS (EXCLUDING GOODS OF HEADING 3002, 3005 OR 3006) CONSISTING OF TWO OR MORE CONSTITUENTS WHICH HAVE BEEN MIXED TOGETHER FOR THERAPEUTIC OR PROPHYLACTIC USES, NOT PUT UP IN MEASURED DOSES OR IN FORMS OR PACKINGS",12,,,,,CHAPTER-29
"3004, 30049011, 30049012, 30049013, 30049014, 30049015, 30049099",3004,"MEDICAMENTS (EXCLUDING GOODS OF HEADING 3002, 3005 OR 3006) CONSISTING OF MIXED OR UNMIXED PRODUCTS FOR THERAPEUTIC OR PROPHYLACTIC USES, PUT UP IN MEASURED DOSES (INCLUDING THOSE IN THE FORM OF TRANSDERMAL ADMINISTRATION SYSTEMS) OR IN FORMS OR PACKINGS FOR RETAIL SALE Nicotine polacrilex gum",12 18,,,,,CHAPTER-29
3005,3005,"WADDING, GAUZE, BANDAGES AND SIMILAR ARTICLES (FOR EXAMPLE,",12,,,,,CHAPTER-29
,3006,,12,,,,,CHAPTER-29
CHAPTER 31,,,,,,,,CHAPTER-29
3101 00 00,310101,"ANIMAL OR VEGETABLE FERTILISERS, WHETHER OR NOT",0,"Organic manure, oter than put up in unit",,,,CHAPTER-29
3102 00 00,310201 310201,"MINERAL OR CHEMICAL FERTILISERS, NITROGENOUS",12,"Fertilisers, other than",,,,CHAPTER-29
,,,18,All goods which are clearly not to be used as fertilisers.,,,,CHAPTER-29
,310302,,18,All goods which are clearly not to be used as fertilisers.,,,,CHAPTER-29
3104 00 00,310401,"MINERAL OR CHEMICAL FERTILISERS, POTASSIC",12,"Fertilisers, other than thos which are clearly not to be used as fertilizers.",,,,CHAPTER-29
,310401,,18,All goods which are clearly not to be used as fertilisers.,,,,CHAPTER-29
,310502,,18,All goods which are clearly not to be used as fertilisers.,,,,CHAPTER-29
3101 00 00,310101,"ANIMAL OR VEGETABLE FERTILISERS, WHETHER OR NOT MIXED TOGETHER OR CHEMICALLY TREATED; FERTILISERS PRODUCED BY THE MIXING OR CHEMICAL TREATMENT OF ANIMAL OR VEGETABLE PRODUCTS",0,"Organic manure, oter than put up in unit containers and bearing a brand name.",,,,CHAPTER-29
3102 00 00,310201 310201,"MINERAL OR CHEMICAL FERTILISERS, NITROGENOUS",12,"Fertilisers, other than",,,,CHAPTER-29
,,,18,All goods which are clearly not to be used as fertilisers.,,,,CHAPTER-29
CHAPTER 32,,,,,,,,CHAPTER-29
"32011000, 32012000",320101,"Wattle extract, quebracho extract, chestnut extract",5,,,,,CHAPTER-29
32029030,320201,"TEnHzEyImRa StiAc LprTeSp,a EraTtiHonEsR fSo,r EpSreT-tEaRnnSi nAgND",5,,,,,CHAPTER-29
"32021000, 32029010, 32029020",320202,"Synthetic organic tanning substances; inorganic tanning substances; tanning preparations, whether or not containing",18,,,,,CHAPTER-29
"3203, 320300",3203,natural tanning substances; COLOURING MATTER OF VEGETABLE OR ANIMAL ORIGIN,18,,,,,CHAPTER-29
3204,3204,"S(IYNNCTLHUEDTINICG O DRYGEAINNGIC E CXOTLROAUCRTISN G MATTER, WHETHER OR NOT CHEMICALLY DEFINED; PREPARATIONS AS SPECIFIED IN NOTE 3 TO THIS CHAPTER BASED ON SYNTHETIC ORGANIC COLOURING MATTER; SYNTHETIC ORGANIC PRODUCTS OF A KIND USED AS FLUORESCENT BRIGHTENING AGENTS OR AS LUMINOPHORES, WHETHER OR NOT CHEMICALLY DEFINED",18,,,,,CHAPTER-29
3205,3205,COLOUR LAKES; PREPARATIONS AS SPECIFIED IN NOTE 3 TO THIS CHAPTER BASED ON COLOUR LAKES,18,,,,,CHAPTER-29
3207,3207,"PREPARED PIGMENTS, PREPARED OPACIFIERS AND PREPARED COLOURS, VITRIFIABLE ENAMELS AND GLAZES, ENGOBES (SLIPS), LIQUID LUSTRES AND SIMILAR PREPARATIONS, OF A KIND USED IN THE CERAMIC ENAMELLING OR GLASS INDUSTRY; GLASS FRIT AND OTHER GLASS, IN THE FORM OF POWDER, GRANULES OR FLAKES",18,,,,,CHAPTER-29
3211 00 00,3211,PREPARED DRIERS,18,,,,,CHAPTER-29
3212,3212,"PIGMENTS (INCLUDING METALLIC POWDERS AND FLAKES) DISPERSED IN NON-AQUEOUS MEDIA, IN LIQUID OR PASTE FORM, OF A KIND USED IN THE MANUFACTURE OF PAINTS (INCLUDING ENAMELS); STAMPING FOILS; DYES AND OTHER COLOURING MATTER PUT UP IN FORMS OR PACKINGS FOR RETAIL SALE",18,,,,,CHAPTER-29
CHAPTER 33,,,,,,,,CHAPTER-29
"3301, 3301 29 18, 3301 90 29",3301,"ESSENTIAL OILS (TERPENELESS OR NOT), INCLUDING CONCRETES AND ABSOLUTES; RESINOIDS; EXTRACTED OLEORESINS; CONCENTRATES OF ESSENTIAL OILS IN FATS, IN FIXED OILS, IN WAXES OR THE LIKE, OBTAINED BY ENFLEURAGE OR MACERATION; TERPENIC BYPRODUCTS OF THE DETERPENATION OF ESSENTIAL OILS; AQUEOUS DISTILLATES AND AQUEOUS SOLUTIONS OF ESSENTIAL OILS aqueous distillates and aqueous solutions of essential oils; such as essential oils of citrus fruit, essential oils other than those of citrus fruit such as Eucalyptus oil, etc., Flavouring essences all types (including those for liquors), Attars of all kinds in fixed oil bases",18,,,,,CHAPTER-29
"3303, 330300",3303,PERFUMES AND TOILET WATERS,28,,,,,CHAPTER-29
3304,3304,"BEAUTY OR MAKE-UP PREPARATIONS AND PREPARATIONS FOR THE CARE OF THE SKIN (OTHER THAN MEDICAMENTS), INCLUDING SUNSCREEN OR SUNTAN PREPARATIONS; MANICURE OR PEDICURE PREPARATIONS",28,,,,,CHAPTER-29
"33059011 330590, 19 3305",330501,HAIR OIL,18,,,,,CHAPTER-29
33061020,330601,Dentifrices-Toothpaste,18,,,,,CHAPTER-29
"3307, 3307 10, 3307 10 10, 3307 20 00",3307,"PRE-SHAVE, SHAVING OR AFTER- SHAVE PREPARATIONS, PERSONAL DEODORANTS, BATH PREPARATIONS, DEPILATORIES AND OTHER PERFUMERY, COSMETIC OR TOILET PREPARATIONS, NOT ELSEWHERE SPECIFIED OR INCLUDED, PREPARED ROOM DEODORISERS, WHETHER OR NOT PERFUMED OR HAVING DISINFECTANT PROPERTIES such as Pre-shave, shaving or after-shave Preparations, Shaving cream, Personal deodorants and antiperspirants",,,,,,CHAPTER-29
CHAPTER 34,,,,,,,,CHAPTER-29
3401,340101,,18,,,,,CHAPTER-29
340130,340102,"Organic surface-active products and preparations for washing the skin, in the form of liquid or cream and put up for retail sale, whether or not containing soap : paper, wadding, felt and nonwovens, impregnated, coated or covered with soap or detergent",28,,,,,CHAPTER-29
3403,3403,"LUBRICATING PREPARATIONS (INCLUDING CUTTINGOIL PREPARATIONS, BOLT OR NUT RELEASE PREPARATIONS, ANTI- RUST OR ANTI-CORROSION PREPARATIONS AND MOULD RELEASE PREPARATIONS, BASED ON LUBRICANTS) AND PREPARATIONS OF A KIND USED FOR THE OIL OR GREASE TREATMENT OF TEXTILE MATERIALS, LEATHER, FURSKINS OR OTHER MATERIALS, BUT EXCLUDING PREPARATIONS CONTAINING, AS BASIC CONSTITUENTS, 70 % OR MORE BY WEIGHT OF PETROLEUM OILS OR OF OILS OBTAINED FROM BITUMINOUS MINERALS",28,,,,,CHAPTER-29
3404,340401,ARTIFICIAL WAXES AND PREPARED WAXES,18,,By mistake it,was appearin,g in 28% als,CHAPTER-29
3405,3405,"POLISHES AND CREAMS, FOR FOOTWEAR, FURNITURE, FLOORS, COACHWORK, GLASS OR METAL, SCOURING PASTES AND POWDERS AND SIMILAR PREPARATIONS (WHETHER OR NOT IN THE FORM OF PAPER, WADDING, FELT, NONWOVENS, CELLULAR PLASTICS OR CELLULAR RUBBER, IMPREGNATED, COATED OR COVERED WITH SUCH PREPARATIONS), EXCLUDING WAXES OF HEADING 3404",,,,,,CHAPTER-29
3406,3406,"CANDLES, TAPERS AND THE LIKE",12,,,,,CHAPTER-29
CHAPTER 35,,,,,,,,CHAPTER-29
3501,3501,"CASEIN, CASEINATES AND OTHER CASEIN DERIVATIVES; CASEIN GLUES",18,,,,,CHAPTER-29
3502,3502,"ALBUMINS (INCLUDING CONCENTRATES OF TWO OR MORE WHEY PROTEINS, CONTAINING BY WEIGHT MORE THAN 80% WHEY PROTEINS, CALCULATED ON THE DRY MATTER), ALBUMINATES AND OTHER ALBUMIN DERIVATIVES",18,,,,,CHAPTER-29
3504,3504,"PEPTONES AND THEIR DERIVATIVES; OTHER PROTEIN SUBSTANCES AND THEIR DERIVATIVES, NOT ELSEWHERE SPECIFIED OR INCLUDED; HIDE POWDER, WHETHER OR NOT CHROMED",18,,,,,CHAPTER-29
3505,3505,"DEXTRINS AND OTHER MODIFIED STARCHES (FOR EXAMPLE, PREGELATINISED OR ESTERIFIED STARCHES); GLUES BASED ON STARCHES, OR ON DEXTRINS OR OTHER MODIFIED STARCHES",18,,,,,CHAPTER-29
3506,3506,"PREPARED GLUES AND OTHER PREPARED ADHESIVES, NOT ELSEWHERE SPECIFIED OR INCLUDED; PRODUCTS SUITABLE FOR USE AS GLUES OR ADHESIVES, PUT UP FOR RETAIL SALE AS GLUES OR ADHESIVES, NOT EXCEEDING A NET WEIGHT OF 1 KG",18,,,,,CHAPTER-29
CHAPTER 36,,,,,,,,CHAPTER-29
3601,3601,PROPELLANT POWDERS,18,,,,,CHAPTER-29
"3602, 3602 00, 3602 00 10",3602,"PREPARED EXPLOSIVES, OTHER THAN PROPELLANT POWDERS such as Industrial explosives.",28,,,,,CHAPTER-29
"3603, 360300, 36030011, 36030020",3603,SAFETY FUSES; DETONATING FUSES; PERCUSSION OR DETONATING CAPS; IGNITERS; ELECTRIC DETONATORS,18,,,,,CHAPTER-29
3604,3604,"FIREWORKS, SIGNALLING FLARES, RAIN ROCKETS, FOG SIGNALS AND OTHER PYROTECHNIC ARTICLES",28,,,,,CHAPTER-29
3605,3605,MATCHES,18,,,,,CHAPTER-29
"3606, 36061000",3606,FERRO-CERIUM AND OTHER PYROPHORIC ALLOYS IN ALL,28,,,,,CHAPTER-29
FORMS; ARTICLES OF CHAPTER 37,,,,,,,,CHAPTER-29
3701,370101,PHOTOGRAPHIC PLATES AND FILM FOR X-RAY FOR MEDICAL USE,12,,,,,CHAPTER-29
"3701 20 00, 3701 91 10, 3701 99 10",370102,"PHOTOGRAPHIC PLATES AND FILM IN THE FLAT, SENSITISED, UNEXPOSED, OF ANY MATERIAL OTHER THAN PAPER, PAPERBOARD OR TEXTILES; INSTANT PRINT-FILM IN THE FLAT, SENSITISED, UNEXPOSED, WHETHER OR NOT IN PACKS such as Instant print film, Cinematographic film (other than for xray for Medical use).",18,,,,,CHAPTER-29
3702,3702,"PHOTOGRAPHIC FILM IN ROLLS, SENSITISED, UNEXPOSED, OF ANY MATERIAL OTHER THAN PAPER, PAPER-BOARD OR TEXTILES; INSTANT PRINT FILM IN ROLLS, SENSITISED, UNEXPOSED",18,,,,,CHAPTER-29
"3704, 370400, 37040010, 37040020, 37040030",3704,"PHOTOGRAPHIC PLATES, FILM, PAPER, PAPER BOARD AND TEXTILES, EXPOSED BUT NOT DEVELOPED",18,,,,,CHAPTER-29
3705,3705,"PHOTOGRAPHIC PLATES AND FILM, EXPOSED AND DEVELOPED, OTHER THAN CINEMATOGRAPHIC FILM such as Children’s films certified by the Central Board of Film Certification to be “Children’s Film”, Documentary Shorts, and Films certified as such by the Central Board of Film Certification, News Reels and clippings, Advertisement Shorts, and Films, Teaching aids including film strips of educational nature.",12,,,,,CHAPTER-29
3707,3707,"CHEMICAL PREPARATIONS FOR PHOTOGRAPHIC USES (OTHER THAN VARNISHES, GLUES, ADHESIVES AND SIMILAR PREPARATIONS); UNMIXED PRODUCTS FOR PHOTOGRAPHIC USES, PUT UP IN MEASURED PORTIONS OR PUT UP FOR RETAIL SALE IN A FORM READY FOR US",18,,,,,CHAPTER-29
CHAPTER 38,,,,,,,,CHAPTER-29
3801 00 00,380101,"ARTIFICIAL GRAPHITE; COLLOIDAL OR SEMICOLLOIDAL GRAPHITE; PREPARATIONS BASED ON GRAPHITE OR OTHER CARBON IN THE FORM OF PASTES, BLOCKS, PLATES OR OTHER SEMI- MANUFACTURES",18,,,,,CHAPTER-29
3802 00 00,380201,"ACTIVATED CARBON; ACTIVATED NATURAL MINERAL PRODUCTS; ANIMAL BLACK, INCLUDING",18,,,,,CHAPTER-29
,,,18,,,,,CHAPTER-29
3804 00 00,380401,,,,,,,CHAPTER-29
3805 00 00,380501,"GUM, WOOD OR SULPHATE TURPENTINE AND OTHER TERPENIC OILS PRODUCED BY THE DISTILLATION OR OTHER TREATMENT OF CONIFEROUS WOODS; CRUDE DIPENTENE; SULPHITE TURPENTINE AND OTHER CRUDE PARACYMENE; PINE OIL CONTAINING ALPHATERPINEOL AS THE MAIN CONSTITUENT",18,,,,,CHAPTER-29
3806 00 00,380601,"ROSIN AND RESIN ACIDS, AND DERIVATIVES THEREOF; ROSIN SPIRIT AND ROSIN OILS; RUN GUMS",18,,,,,CHAPTER-29
3807 00 00,380701,"WOOD TAR; WOOD TAR OILS; WOOD CREOSOTE; WOOD NAPHTHA; VEGETABLE PITCH; BREWERS’ PITCH AND SIMILAR PREPARATIONS BASED ON ROSIN, RESIN ACIDS OR ON VEGETABLE PITCH",18,,,,,CHAPTER-29
3809 00 00,380901,"FINISHING AGENTS, DYE CARRIERS TO ACCELERATE THE DYEING OR FIXING OF DYESTUFFS AND OTHER PRODUCTS AND PREPARATIONS (FOR EXAMPLE, DRESSINGS AND MORDANTS), OF A KIND USED IN THE TEXTILE, PAPER, LEATHER OR LIKE INDUSTRIES, NOT ELSEWHERE SPECIFIED OR INCLUDED",18,,,,,CHAPTER-29
3810 00 00,381001,"PICKLING PREPARATIONS FOR METAL SURFACES; FLUXES AND OTHER AUXILIARY PREPARATIONS FOR SOLDERING, BRAZING OR WELDING; SOLDERING, BRAZING OR WELDING POWDERS AND PASTES CONSISTING OF METAL AND OTHER MATERIALS; PREPARATIONS OF A KIND USED AS CORES OR COATINGS FOR WELDING ELECTRODES OR RODS",18,,,,,CHAPTER-29
3811 00 00,381101,,,,,,,CHAPTER-29
3812 00 00,381201,"PREPARED RUBBER ACCELERATORS; COMPOUND PLASTICISERS FOR RUBBER OR PLASTICS, NOT ELSEWHERE SPECIFIED OR INCLUDED; ANTIOXIDISING PREPARATIONS AND OTHER COMPOUND STABILISERS FOR RUBBER OR PLASTICS",18,,,,,CHAPTER-29
3813 00 00,381301,PREPARATIONS AND CHARGES FOR FIRE-EXTINGUISHERS; CHARGED FIRE-EXTINGUISHING GRENADES,28,,,,,CHAPTER-29
3814 00 00,381401,,28,,,,,CHAPTER-29
3815 00 00,381501,"REACTION INITIATORS, REACTION ACCELERATORS AND CATALYTIC PREPARATIONS, NOT ELSEWHERE SPECIFIED OR INCLUDED",,,,,,CHAPTER-29
3816 00 00,381601,"REFRACTORY CEMENTS, MORTARS, CONCRETES AND SIMILAR COMPOSITIONS, OTHER THAN PRODUCTS OF HEADING 3801",18,,,,,CHAPTER-29
3817 00 00,381701,"MIXED ALKYLBENZENES AND MIXED ALKYLNAPHTHALENES, OTHER THAN THOSE OF HEADING 2707 OR 2902",18,,,,,CHAPTER-29
3818 00 00,381801,"CHEMICAL ELEMENTS DOPED FOR USE IN ELECTRONICS, IN THE FORM OF DISCS, WAFERS OR SIMILAR FORMS; CHEMICAL COMPOUNDS DOPED FOR USE IN ELECTRONICS",18,Silicon wafers (3818) comes under 12% GST Rate.,,,,CHAPTER-29
3819 00 00,381901,"HYDRAULIC BRAKE FLUIDS AND OTHER PREPARED LIQUIDS FOR HYDRAULIC TRANSMISSION, NOT CONTAINING OR CONTAINING LESS THAN 70% BY WEIGHT OF PETROLEUM OILS OR OILS OBTAINED FROM BITUMINOUS MINERALS",28,,,,,CHAPTER-29
3821 00 00,382101,PREPARED CULTURE MEDIA FOR DEVELOPMENT OR MAINTENANCE OF MICRO- ORGANISM (INCLUDING VIRUSES AND THE LIKE) OR OF PLANT HUMAN OR ANIMAL CELLS,18,,,,,CHAPTER-29
3822 00 00,382201,"DIAGNOSTIC OR LABORATORY REAGENTS ON A BACKING, PREPARED DIAGNOSTIC OR LABORATORY REAGENTS WHETHER OR NOT ON A BACKING, OTHER THAN THOSE OF HEADING 3002 OR 3006; CERTIFIED REFERENCE MATERIALS :",18,,,,,CHAPTER-29
3823 00 00,382301,INDUSTRIAL MONOCARBOXYLIC FATTY ACIDS; ACID OILS FROM REFINING; INDUSTRIAL FATTY ALCOHOLS,18,,,,,CHAPTER-29
3824 00 00,382401,"PREPARED BINDERS FOR FOUNDRY MOULDS OR CORES; CHEMICAL PRODUCTS AND PREPARATIONS OF THE CHEMICAL OR ALLIED INDUSTRIES (INCLUDING THOSE CONSISTING OF MIXTURES OF NATURAL PRODUCTS), NOT ELSEWHERE SPECIFIED OR INCLUDED",18,,,,,CHAPTER-29
,,,0,,,,,CHAPTER-29
"3825 41 00, 3825 49 00, 3825 50 00, 3825 61 00, 3825 69 00, 3825 90 00",382504,"RESIDUAL PRODUCTS OF THE CHEMICAL OR ALLIED INDUSTRIES, NOT ELSEWHERE SPECIFIED OR INCLUDED; MUNICIPAL WASTE; SEWAGE SLUDGE; OTHER WASTES SPECIFIED IN NOTE 6 TO THIS",18,,,,,CHAPTER-29
3826 00 00,382601,"CHAPTER BIODIESEL AND MIXTURES THEREOF, NOT CONTAINING OR CONTAINING LESS THAN 70 % BY WEIGHT OF PETROLEUM OILS AND OILS OBTAINED FROM BITUMINOUS MINERALS",18,,,,,CHAPTER-29
38,38,All goods not specified elsewhere,28,,,,,CHAPTER-29
CHAPTER 39,,,,,,,,CHAPTER-29
3901 00 00,390101,"I. PRIMARY FORMS POLYMERS OF ETHYLENE, IN PRIMARY FORM",18,,,,,CHAPTER-29
3902 00 00,390201,"POLYMERS OF PROPYLENE OR OF OTHER OLEFINS, IN PRIMARY FORMS",18,,,,,CHAPTER-29
3903 00 00,390301,"POLYMERS OF STYRENE, IN PRIMARY FORMS",18,,,,,CHAPTER-29
3904 00 00,390401,"POLYMERS OF VINYL CHLORIDE OR OF OTHER HALOGENATED OLEFINS, IN PRIMARY FORMS",18,,,,,CHAPTER-29
3906 00 00,390601,ACRYLIC POLYMERS IN PRIMARY FORMS,18,,,,,CHAPTER-29
3907 00 00,390701,"POLYACETALS, OTHER POLYETHERS AND EPOXIDE RESINS, IN PRIMARY FORMS; POLYCARBONATES, ALKYD RESINS, POLYALLYLESTERS AND OTHER POLYESTERS, IN PRIMARY FORMS",18,,,,,CHAPTER-29
3908 00 00,390801,POLYAMIDES IN PRIMARY FORMS,18,,,,,CHAPTER-29
3909 00 00,390901,"AMINO-RESINS, PHENOLIC RESINS AND POLYURETHANES, IN PRIMARY FORMS",18,,,,,CHAPTER-29
3910 00 00,391001,SILICONES IN PRIMARY FORMS,18,,,,,CHAPTER-29
3911 00 00,391101,"PETROLEUM RESINS, COUMARONE- INDENE RESINS, POLYTERPENES, POLYSULPHIDES, POLYSULPHONES AND OTHER PRODUCTS SPECIFIED IN NOTE 3 TO THIS CHAPTER, NOT ELSEWHERE SPECIFIED OR INCLUDED, IN PRIMARY FORMS",18,,,,,CHAPTER-29
3913 00 00,391301,"NATURAL POLYMERS (FOR EXAMPLE, ALGINIC ACID) AND MODIFIED NATURAL POLYMERS (FOR EXAMPLE, HARDENED PROTEINS, CHEMICAL DERIVATIVES OF NATURAL RUBBER), NOT ELSEWHERE SPECIFIED OR INCLUDED, IN PRIMARY FORMS",18,,,,,CHAPTER-29
3914 00 00,391401,"ION–EXCHANGERS BASED ON POLYMERS OF HEADINGS 3901 TO 3913, IN PRIMARY FORMS",18,,,,,CHAPTER-29
3915 00 00,391501,"II. –WASTE, PARINGS AND SCRAP; SEMI-MANUFACTURES; ARTICLES WASTE, PARINGS AND SCRAP, OF PLASTICS",18,Feeding bottles comes under 12% of GST,,,,CHAPTER-29
3916 00 00,391601,"MONOFILAMENT OF WHICH ANY CROSSSECTIONAL DIMENSION EXCEEDS 1MM, RODS, STICKS AND PROFILE SHAPES, WHETHER OR NOT SURFACE-WORKED BUT NOT OTHERWISE WORKED, OF PLASTICS",18,,,,,CHAPTER-29
3918 00 00,391801,"FLOOR COVERINGS OF PLASTICS, WHETHER OR NOT SELF-ADHESIVE, IN ROLLS OR IN THE FORM OF TILES; WALL OR CEILING COVERINGS OF PLASTICS, AS DEFINED IN NOTE 9 TO THIS CHAPTER",28,,,,,CHAPTER-29
3919 00 00,391901,"SELF-ADHESIVE PLATES, SHEETS, FILM, FOIL, TAPE, STRIP AND OTHER FLAT SHAPES, OF PLASTICS, WHETHER OR NOT IN ROLLS",18,,,,,CHAPTER-29
3920 00 00,392001,"OTHER PLATES, SHEETS, FILM, FOIL AND STRIP, OF PLASTICS, NON- CELLULAR AND NOT REINFORCED, LAMINATED, SUPPORTED OR SIMILARLY COMBINED WITH OTHER MATERIALS",18,,,,,CHAPTER-29
3921 00 00,392101,"OTHER PLATES, SHEETS, FILM, FOIL AND STRIP, OF PLASTICS",18,,,,,CHAPTER-29
3922 00 00,392201,"BATHS, SHOWER-BATHS, SINKS, WASH-BASINS, BIDETS, LAVATORY PANS, SEATS AND COVERS, FLUSHING CISTERNS AND SIMILAR SANITARY WARE, OF PLASTICS",28,,,,,CHAPTER-29
3924 00 00,392401,"TABLEWARE, KITCHENWARE, OTHER HOUSEHOLD ARTICLES AND HYGIENIC OR TOILET ARTICLES, OF PLASTICS",18,,,,,CHAPTER-29
3925 00 00,392501,"BUILDERS’ WARE OF PLASTICS, NOT ELSEWHERE SPECIFIED OR INCLUDED",18,,,,,CHAPTER-29
3926 40 11,392601,Plastic Bangles,0,,,,,CHAPTER-29
3926 89 19,392602,PVC Belt Conveyor,18,,,,,CHAPTER-29
3926 00 00,392601,OTHER ARTICLES OF PLASTICS AND ARTICLES OF OTHER MATERIALS OF HEADINGS 3901 TO 3914,28,,,,,CHAPTER-29
39,39,All goods not specified elsewhere.,18,,,,,CHAPTER-29
CHAPTER 40,,,,,,,,CHAPTER-29
4001 00 00,400101,"NATURAL RUBBER, BALATA, GUTTA-PERCHA, GUAYULE, CHICLE AND SIMILAR NATURAL GUMS, IN PRIMARY FORMS OR IN PLATES, SHEETS OR STRIP",5,,,,,CHAPTER-29
4003 00 00,400301,"RECLAIMED RUBBER IN PRIMARY FORMS OR IN PLATES, SHEETS OR STRIP",18,,,,,CHAPTER-29
4004 00 00,400401,"WASTE, PARINGS AND SCRAP OF RUBBER (OTHER THAN HARD RUBBER) AND POWDERS AND GRANULES OBTAINED THEREFROM.",,,,,,CHAPTER-29
4005 00 00,400501,"COMPOUNDED RUBBER, UNVULCANISED, IN PRIMARY FORMS OR IN PLATES, SHEETS OR STRIP",18,,,,,CHAPTER-29
4006 00 00,400601,"OTHER FORMS (FOR EXAMPLE, RODS, TUBES AND PROFILE SHAPES) AND ARTICLES (FOR EXAMPLE, DISCS AND RINGS), OF UNVULCANISED RUBBER.",18,,,,,CHAPTER-29
4007 00 00,400701,VULCANISED RUBBER THREAD AND CORD of Latex Rubber Thread,5,,,,,CHAPTER-29
,400702,"VULCANISED RUBBER THREAD AND CORD, other than latex rubber thread.",18,,,,,CHAPTER-29
4009 00 00,400901,"TUBES, PIPES AND HOSES, OF VULCANISED RUBBER OTHER THAN HARD RUBBER, WITH OR WITHOUT THEIR FITTINGS (FOR EXAMPLE, JOINTS, ELBOWS, FLANGES)",18,,,,,CHAPTER-29
4010 00 00,401001,CONVEYOR OR TRANSMISSION BELTS OR BELTING OF VULCANISED RUBBER,18,,,,,CHAPTER-29
"4011 00 00, 4011 50 00",401101,"NEW PNEUMATIC TYRES, OF RUBBER of a kind used on bicycles.",5,,,,,CHAPTER-29
4011 00 00,401102,"NEW PNEUMATIC TYRES, OF RUBBER",28,"Pneumatic tyres, of rubber, of a kind used on/in bicycles, cycle - rickshwas and three wheeled powered cycle rickshwas are under 5% GST Rate.",,,,CHAPTER-29
4012 00 00,401201,,28,,,,,CHAPTER-29
"4013 20 00, 4013 90 50",401301,"INNER TUBES, OF RUBBER of a kind used on bicycles/in tyres of cycle",500%,,,,,CHAPTER-29
"4013 00 00, 4013 10 10, 4013 10 20, 4013 90 10, 4013 90 20, 4013 90 30, 4013 90 41, 4013 90 49, 4013 90 90",401302,"rINicNksEhRaw TsU aBndE Sth, rOeeF- wRhUeBelBedE Rpowered",28,,,,,CHAPTER-29
"4014 00 00, 4014 10 10, 4014 10 20",401401,"HYGIENIC OR PHARMACEUTICAL ARTICLES (INCLUDING TEATS), OF VULCANISED RUBBER OTHER THAN HARD RUBBER, WITH OR WITHOUT FITTINGS OF HARD RUBBER - Sheath contraceptives (Condoms and contraceptives)",0,,,,,CHAPTER-29
4014 90 30,401402,Feeding bottle nipples,12,,,,,CHAPTER-29
"4014 90 10, 4014 90 20, 4014 90 90",401403,"HYGIENIC OR PHARMACEUTICAL ARTICLES (INCLUDING TEATS), OF VULCANISED RUBBER OTHER",,,,,,CHAPTER-29
"4015 00 00, 4015 11 00",401501,"TAHRATINC LHEASR ODF R AUPBPBAERRE, LW AITNHD OR CLOTHING ACCESSORIES",12,,,,,CHAPTER-29
4016 92 00,401601,"OATNHDE MRI ATTRST)I CFOLERS A OLFL V PUULRCPAONSEISSE, DO F RUBBER OTHER THAN HARD Erasers",18,,,,,CHAPTER-29
"4016 10 00, 4016 91 00, 4016 93 00, 4016 94 00, 4016 95 00, 4016 99 00",401602,OTHER ARTICLES OF VULCANISED RUBBER OTHER THAN HARD RUBBER,28,Toy balloons made of natural rubber latex covered under 5% GST Rate.,,,,CHAPTER-29
4017 00 00,401701,"HARD RUBBER (FOR EXAMPLE, EBONITE) IN ALL FORMS, INCLUDING WASTE AND SCRAP;",28,,,,,CHAPTER-29
"ARTICLES OF HARD RUBBER, CHAPTER 41",,,,,,,,CHAPTER-29
4101 00 00,410101,"RAW HIDES AND SKINS OF BOVINE (INCLUDING BUFFALO) OR EQUINE ANIMALS (FRESH OR SALTED, DRIED, LIMED, PICKLED OR OTHERWISE PRESERVED, BUT NOT TANNED, PARCHMENTDRESSED OR FURTHER PREPARED), WHETHER OR NOT DEHAIRED OR SPLIT",5,,,,,CHAPTER-29
4103 00 00,410301,"OTHER RAW HIDES AND SKINS (FRESH, OR SALTED, DRIED, LIMED, PICKLED OR OTHERWISE PRESERVED, BUT NOT TANNED, PARCHMENTDRESSED OR FURTHER PREPARED), WHETHER OR NOT DEHAIRED OR SPLIT., OTHER THAN THOSE EXCLUDED BY NOTE 1(B) OR 1(C) TO THIS CHAPTER",5,,,,,CHAPTER-29
4104 00 00,410401,"TANNED OR CRUST HIDES AND SKINTANNED OR CRUST HIDES AND SKINS OF BOVINE (INCLUDING BUFFALO) OR EQUINE ANIMALS, WITHOUT HAIR ON, WHETHER OR NOT SPLIT, BUT NOT FURTHER PREPARED",5,,,,,CHAPTER-29
4106 00 00,410601,"TANNED OR CRUST HIDES AND SKINS OF OTHER ANIMALS, WITHOUT WOOL OR HAIR ON, WHETHER OR NOT SPLIT BUT NOT FURTHER PREPARED",5,,,,,CHAPTER-29
4107 00 00,410701,"LEATHER FURTHER PREPARED AFTER TANNING OR CRUSTING, INCLUDING PARCHMENT-DRESSED LEATHER, OF BOVINE (INCLUDING BUFFALO) OR EQUINE ANIMALS, WITHOUT HAIR ON, WHETHER OR NOT SPLIT, OTHER THAN LEATHER OF HEADING 4114",12,,,,,CHAPTER-29
4112 00 00,411201,"LEATHER FURTHER PREPARED AFTER TANNING OR kg. 10% CRUSTING, INCLUDING PARCHMENT-DRESSED LEATHER, OF SHEEP OR LAMB, WITHOUT WOOL ON, WHETHER OR NOT SPLIT, OTHER THAN LEATHER OF HEADING 4114",12,,,,,CHAPTER-29
4114 00 00,411401,CHAMOIS (INCLUDING COMBINATION CHAMOIS) LEATHER; PATENT LEATHER AND PATENT LAMINATED LEATHER ; METALLISED LEATHER,12,,,,,CHAPTER-29
4115 00 00,411501,"COMPOSITION LEATHER WITH A BASIS OF LEATHER OR LEATHER FIBER, IN SLABS, SHEETS OR STRIP, WHETHER OR NOT IN ROLLS; PARINGS AND OTHER WASTE OF LEATHER OR OF COMPOSITION LEATHER, NOT SUITABLE FOR THE MANUFACTURE OF LEATHER ARTICLES; LEATHER DUST, POWDER AND FLOUR",12,,,,,CHAPTER-29
CHAPTER 42,,,,,,,,CHAPTER-29
4201 00 00,420101,"SADDLERY AND HARNESS FOR ANY ANIMAL (INCLUDING TRACES, LEADS, KNEE PADS, MUZZLES, SADDLE CLOTHS, SADDLE BAGS, DOG COATS AND THE LIKE), OF ANY MATERIAL",28,,,,,CHAPTER-29
4203 21 10,420301,"ARTICLES OF APPAREL AND CLOTHING ACCESSORIES, OF LEATHER OR OF COMPOSITION LEATHER - Gloves specially designed for use in sports.",12,,,,,CHAPTER-29
4204 00 00,,Omitted,,,,,,CHAPTER-29
4205 00 00,420501,OTHER ARTICLES OF LEATHER OR OF COMPOSITION LEATHER,28,,,,,CHAPTER-29
4206 00 00,420601,"ARTICLES OF GUT (OTHER THAN SILK-WORM GUT), OF GOLDBEATER’S SKIN, OF BLADDERS OR OF TENDONS",28,,,,,CHAPTER-29
CHAPTER 43,,,,,,,,CHAPTER-29
4301 00 00,430101,"RAW FURSKINS (INCLUDING HEADS, TAILS, PAWS AND OTHER PIECES OR CUTTINGS, SUITABLE FOR FURRIERS’ USE), OTHER THAN RAW HIDES AND SKINS OF HEADING 4101, 4102 OR 4103",18,,,,,CHAPTER-29
4302 00 00,430201,"TANNED OR DRESSED FuRSKINS (INCLuDING HEADS, TAILS, PAWS AND OTHER PIECES OR CuTTINGS), UNASSEMBLED, OR ASSEMBLED (WITHOuT THE ADDITION OF OTHER MATERIALS) OTHER THAN THOSE OF HEADING 4303",12,,,,,CHAPTER-29
4303 00 00,430301,"ARTICLES OF APPAREL, CLOTHING ACCESSORIES AND OTHER ARTICLES OF FuRSKIN",28,,,,,CHAPTER-29
"4304 00 09, 4304 00 20",430402,ARTIFICIAL FUR AND ARTICLES THEREOF 4304 00 - Artificial fur and,28,,,,,CHAPTER-29
43,43,aArltli cgloeso dths enroeto fs:p edified elsewhere,28,,,,,CHAPTER-29
CHAPTER 44,,,,,,,,CHAPTER-29
4401 10 00,440101,"FUEL WOOD, IN LOGS, IN BILLETS, IN TWIGS, IN FAGGOTS OR IN SIMILAR FORMS; WOOD IN CHIPS OR PARTICLES; SAWDUST AND WOOD WASTE AND SCRAP, WHETHER OR NOT AGGLOMERATED IN LOGS, BRIQUETTES, PELLETS OR SIMILAR FORMS - Fuel wood, in logs, in billets, in twigs, in faggots or in similar forms :",0,,,,,CHAPTER-29
"4401 21 00, 4401 22 00, 4401 31 00, 4401 39 00",400000,"FUEL WOOD, IN LOGS, IN BILLETS, IN TWIGS, IN FAGGOTS OR IN SIMILAR FORMS; WOOD IN CHIPS OR PARTICLES; SAWDUST AND",5,,,,,CHAPTER-29
4402 00 00,440201,"WOOD WASTE AND SCRAP, WOOD CHARCOAL (INCLUDING SHELL OR NUT CHARCOAL), WHETHER OR NOT AGGLOMERATED",0,,,,,CHAPTER-29
4403 00 00,440301,"WOOD IN THE ROUGH, WHETHER OR NOT STRIPPED OF BARK OR SAPWOOD, OR ROUGHLY SQUARED",18,,,,,CHAPTER-29
4405 00 00,440501,WOOD WOOL; WOOD FLOUR,12,,,,,CHAPTER-29
4406 00 00,440601,RAILWAY OR TRAMWAY SLEEPERS (CROSSTIES) OF WOOD,12,,,,,CHAPTER-29
4407 00 00,440701,"WOOD SAWN OR CHIPPED LENGTHWISE, SLICED OR PEELED, WHETHER OR NOT PLANED, SANDED OR END-JOINTED, OF A THICKNESS EXCEEDING 6 MM",18,No condition of thickness in GST Rate Schedule,,,,CHAPTER-29
4408 00 00,440801,"SHEETS FOR VENEERING (INCLUDING THOSE OBTAINED BY SLICING LAMINATED WOOD), FOR PLYWOOD OR FOR SIMILAR LAMINATED WOOD AND OTHER WOOD, SAWN LENGTHWISE, SLICED OR PEELED, WHETHER OR NOT PLANED, SANDED, SPLICED OR END-JOINTED, OF A THICKNESS NOT EXCEEDING 6 MM",18,All goods other than for match splints.,,,,CHAPTER-29
4410 00 00,441001,"PARTICLE BOARD, ORIENTED STRAND BOARD (OSB) AND SIMILAR BOARD (FOR EXAMPLE, WAFERBOARD) OF WOOD OR OTHER LIGNEOUS MATERIALS, WHETHER OR NOT AGGLOMERATED WITH RESINS OR OTHER ORGANIC BINDING SUBSTANCES",28,Other than specified boards.,,,,CHAPTER-29
4411 00 00,441101,"FIBRE BOARD OF WOOD OR OTHER LIGNEOUS MATERIALS, WHETHER OR NOT BONDED WITH RESINS OR OTHER ORGANIC SUBSTANCES",28,Other than specified boards.,,,,CHAPTER-29
4412 00 00,441201,"PLYWOOD, VENEERED PANELS AND SIMILAR LAMINATED WOOD",28,,,,,CHAPTER-29
4413 00 00,441301,"DENSIFIED WOOD, IN BLOCKS, PLATES, STRIPS, OR PROFILE SHAPES",28,,,,,CHAPTER-29
4415 00 00,441501,"PACKING CASES, BOXES, CRATES, DRUMS AND SIMILAR PACKINGS, OF WOOD; CABLE-DRUMS OF WOOD; PALLETS, BOX PALLETS AND OTHER LOAD BOARDS, OF WOOD; PALLET COLLARS OF WOOD",12,,,,,CHAPTER-29
4416 00 00,441601,"CASKS, BARRELS, VATS, TUBS AND OTHER COOPERS’ PRODUCTS AND PARTS THEREOF, OF WOOD, INCLUDING STAVES",12,,,,,CHAPTER-29
4417 00 00,441701,"TOOLS, TOOL BODIES, TOOL HANDLES, BROOM OR kg. 10% BRUSH BODIES AND HANDLES, OF WOOD; BOOT OR SHOE LASTS AND TREES, OF WOOD",12,,,,,CHAPTER-29
4418 00 00,441801,"BUILDERS’ JOINERY AND CARPENTRY OF WOOD, INCLUDING CELLULAR WOOD PANELS, ASSEMBLED FLOORING PANELS, SHINGLES AND SHAKES",28,,,,,CHAPTER-29
4419 00 00,441901,"TABLEWARE AND KITCHENWARE, OF WOOD",18,,,,,CHAPTER-29
4421 00 00,442101,OTHER ARTICLES OF WOOD,12,,,,,CHAPTER-29
CHAPTER 45,,,,,,,,CHAPTER-29
4501 10 00,450101,"Natural cork, raw or simply prepared",12,,,,,CHAPTER-29
4501 90 00,450102,"NATURAL CORK, RAW OR SIMPLY SDF KSDF JKLSD PREPARED; WASTE CORK; CRUSHED, GRANULATED OR GROUND CORK",18,,,,,CHAPTER-29
4502 00 00,450201,"NATURAL CORK, DEBACKED OR ROUGHLY SQUARED, OR IN RECTANGULAR (INCLUDING SQUARE) BLOCKS, PLATES, SHEETS OR STRIP (INCLUDING SHARP- EDGED BLANKS FOR CORKS OR STOPPERS)",18,,,,,CHAPTER-29
4504 00 00,450401,AGGLOMERATED CORK (WITH OR WITHOUT A BINDING SUBSTANCE) AND ARTICLES OF AGGLOMERATED CORK,18,,,,,CHAPTER-29
45,45,All goods not specified elsewhere,18,,,,,CHAPTER-29
CHAPTER 46,,,,,,,,CHAPTER-29
4601 00 00,460101,"PLAITS AND SIMILAR PRODUCTS OF PLAITING MATERIALS, WHETHER OR NOT ASSEMBLED INTO STRIPS ; PLAITING MATERIALS, PLAITS AND SIMILAR PRODUCTS OF PLAITING MATERIALS, BOUND TOGETHER IN PARALLEL STRANDS OR WOVEN, IN SHEET FORM, WHETHER OR NOT BEING FINISHED ARTICLES (FOR EXAMPLE, MATS, MATTING, SCREENS)",12,,,,,CHAPTER-29
4602 00 00,460201,"BASKETWORK, WICKERWORK AND OTHER ARTICLES, MADE DIRECTLY TO SHAPE FROM PLAITING MATERIALS OR MADE UP FROM GOODS OF HEADING 46 01; ARTICLES OF LOOFAH",12,,,,,CHAPTER-29
46,46,All goods not specified elsewhere,12,,,,,CHAPTER-29
CHAPTER 47,,,,,,,,CHAPTER-29
4701 00 00,470101,MECHANICAL WOOD PULP,12,,,,,CHAPTER-29
4702 00 00,470201,"CHEMICAL WOOD PULP, DISSOLVING GRADES",12,,,,,CHAPTER-29
4704 00 00,470401,"CHEMICAL WOOD PULP, SULPHITE, OTHER THAN DISSOLVING GRADES",12,,,,,CHAPTER-29
4705 00 00,470501,WOOD PULP OBTAINED BY A COMBINATION OF MECHANICAL AND CHEMICAL PULPING PROCESSES,12,,,,,CHAPTER-29
4706 00 00,470601,PULPS OF FIBRES DERIVED FROM RECOVERED (WASTE AND SCRAP) PAPER OR PAPERBOARD OR OF OTHER FIBROUS CELLULOSIC MATERIAL,12,,,,,CHAPTER-29
4707 00 00,470701,RECOVERED (WASTE AND SCRAP) PAPER OR PAPERBOARD,12,,,,,CHAPTER-29
47,47,All goods not specified elsewhere,12,,,,,CHAPTER-29
CHAPTER 48,,,,,,,,CHAPTER-29
4801 00 00,480101,"NEWSPRINT, IN ROLLS OR SHEETS",5,,,,,CHAPTER-29
4804 00 00,480401,"UNCOATED KRAFT PAPER AND PAPERBOARD, IN ROLLS OR SHEETS, OTHER THAN THAT OF HEADING 4802 OR 4803",12,,,,,CHAPTER-29
4805 00 00,480501,"OTHER UNCOATED PAPER AND PAPERBOARD, IN ROLLS OR SHEETS, NOT FURTHER WORKED OR PROCESSED THAN AS SPECIFIED IN NOTE 3 TO THIS CHAPTER",12,,,,,CHAPTER-29
4806 20 00,480601,Greaseproof papers,12,,,,,CHAPTER-29
4806 40 10,480602,Greaseproof papers,12,,,,,CHAPTER-29
"4806 10 00, 4806 30 00, 4806 40 90",480603,"VEGETABLE PARCHMENT, TRACING PAPERS AND OTHER GLAZED TRANSPARENT OR",18,,,,,CHAPTER-29
4808 00 00,480801,"PAPER AND PAPERBOARD, CORRUGATED (WITH OR WITHOUT GLUED FLAT SURFACE SHEETS), CREPED, CRINKLED, EMBOSSED OR PERFORATED, IN ROLLS OR SHEETS, OTHER THAN PAPER OF THE KIND DESCRIBED IN HEADING 4803",12,,,,,CHAPTER-29
4809 00 00,480901,"CARBON PAPER, SELF-COPY PAPER AND OTHER COPYING OR TRANSFER PAPERS (INCLUDING COATED OR IMPREGNATED PAPER FOR DUPLICATOR STENCILS OR OFFSET PLATES), WHETHER OR NOT PRINTED, IN ROLLS OR SHEETS",18,,,,,CHAPTER-29
"4811 51 10, 4811 59 10",481101 481102,Aseptic packaging paper,12,,,,,CHAPTER-29
"4811 10 00, 4811 41 00, 4811 49 00, 4811 51 90, 4811 59 10, 4811 59 90, 4811 60 00, 4811 90 00",481103,"PAPER, PAPERBOARD, CELLULOSE WADDING AND WEBS OF CELLULOSE FIBRES, COATED, IMPREGNATED, COVERED, SURFACE-COLOURED, SURFACEDECORATED OR PRINTED, IN ROLLS OR RECTANGULAR (INCLUDING SQUARE) SHEETS, OF",18,,,,,CHAPTER-29
4812 00 00,481201,"ANY SIZE, OTHER THAN GOODS OF FILTER BLOCKS, SLABS AND PLATES, OF PAPER PULP",18,,,,,CHAPTER-29
4813 00 00,481301,"CIGARETTE PAPER, WHETHER OR NOT CUT TO SIZE OR IN THE FORM OF BOOKLETS OR TUBES",18,,,,,CHAPTER-29
4814 00 00,481401,WALLPAPER AND SIMILAR WALL COVERINGS; WINDOW TRANSPARENCIES OF PAPER,28,,,,,CHAPTER-29
4815 00 00,481501,OMITTED,,,,,,CHAPTER-29
4817 30 00,481701,"Boxes, pouches, wallets and writing compendiums, of paper or paperboard, containing an assortment of paper stationery: Writing blocks",12,,,,,CHAPTER-29
"4817 10 00, 4817 20 00",481702,"ENVELOPES, LETTER CARDS, PLAIN POSTCARDS AND",18,"Judicial, Non- judicial stamp",,,,CHAPTER-29
4818 00 00,481801,"CORRESPONDENCE CARDS, OF TOILET PAPER AND SIMILAR PAPER, CELLULOSE WADDING OR WEBS OF CELLULOSE FIBRES, OF A KIND USED FOR HOUSEHOLD OR SANITARY HOSPITAL ARTICLES, ARTICLES OF APPAREL AND CLOTHING ACCESSORIES, OF PAPER PULP, PAPER, ELLULOSE WADDING OR WEBS OF CELLULOSE FIBRES",18,"papers, Court",,,,CHAPTER-29
4819 10 00,481901,"Cartons, boxes and cases, of corrugated paper or paperboard :",12,,,,,CHAPTER-29
4820 00 00,482001,"REGISTERS, ACCOUNT BOOKS, NOTE BOOKS, ORDER BOOKS, RECEIPT BOOKS, LETTER PADS,",12,,,,,CHAPTER-29
4821 00 00,482101,"PAPER OR PAPERBOARD LABELS OF ALL KINDS, WHETHER OR NOT PRINTED",18,,,,,CHAPTER-29
4823 00 00,482301,"OTHER PAPER, PAPERBOARD, CELLULOSE WADDING AND WEBS OF CELLULOSE FIBERS, CUT TO SIZE OR SHAPE; OTHER ARTICLES OF PAPERPULP, PAPER, PAPERBOARD, CELLULOSE WADDING OR WEBS OF CELLULOSE FIBERS",18,,,,,CHAPTER-29
48,48,All goods not specified elsewhere,18,,,,,CHAPTER-29
CHAPTER 49,,,,,,,,CHAPTER-29
4901 10 10,490101,"PRINTED BOOKS, BROCHURES, LEAFLETS AND SIMILAR PRINTED MATTER, WHETHER OR NOT IN SINGLE SHEETS BROCHURES, LEAFLETS AND SIMILAR PRINTED MATTER, WHETHER OR NOT IN SINGLE SHEETS",0,Printed books including Braille Books covered under 0% GST Rate.,,,,CHAPTER-29
4901 10 20,490102,"BROCHURES, LEAFLETS AND SIMILAR PRINTED MATTER, WHETHER OR NOT IN SINGLE SHEETS",5,,,,,CHAPTER-29
4902 00 00,490201,"NEWSPAPERS, JOURNALS AND PERIODICALS, WHETHER OR NOT I LLUSTRATED OR CONTAINING ADVERTISING MATERIAL",0,,,,,CHAPTER-29
4904 00 00,490401,"MUSIC, PRINTED OR IN MANUSCRIPT, WHETHER OR NOT BOUND OR ILLUSTRATED",12,,,,,CHAPTER-29
4905 00 00,490501,"MAPS AND HYDROGRAPHIC OR SIMILAR CHARTS OF ALL KINDS, INCLUDING ATLASES, WALL MAPS, TOPOGRAPHICAL PLANS AND GLOBES, PRINTED",0,,,,,CHAPTER-29
4906 00 00,490601,"PLANS AND DRAWINGS FOR ARCHITECTURAL, ENGINEERING, INDUSTRIAL, COMMERCIAL, TOPOGRAPHICAL OR SIMILAR PURPOSES, BEING ORIGINALS DRAWN BY HAND; HAND-WRITTEN TEXTS; PHOTOGRAPHIC REPRODUCTIONS ON SENSITISED PAPER AND CARBON COPIES OF THE FOREGOING",12,,,,,CHAPTER-29
4908 00 00,490801,TRANSFERS (DECALCOMANIAS),12,,,,,CHAPTER-29
4909 00 00,490901,"PRINTED OR ILLUSTRATED POSTCARDS; PRINTED CARDS BEARING PERSONAL GREETINGS, MESSAGES OR ANNOUNCEMENTS, WHETHER OR NOT ILLUSTRATED, WITH OR WITHOUT ENVELOPES OR TRIMMINGS",12,,,,,CHAPTER-29
4910 00 00,491001,"CALENDARS OF ANY KIND, PRINTED, INCLUDING CALENDAR BLOCKS",12,,,,,CHAPTER-29
4911 00 00,491101,"OTHER PRINTED MATTER, INCLUDING PRINTED PICTURES AND PHOTOGRAPHS",12,,,,,CHAPTER-29
49,49,All goods not specified elsewhere,12,,,,,CHAPTER-29
50010000,5001,SILK-WORM COCOONS SUITABLE FOR REELING,0,,,,,CHAPTER-50
50020010,5002,Mulberry raw silk,0,,,,,CHAPTER-50
50020020,5002,Mulberry dupion silk,0,,,,,CHAPTER-50
50020030,5002,Non-mulberry silk,0,,,,,CHAPTER-50
50030010,5003,Mulberry silk waste,0,,,,,CHAPTER-50
50030020,5003,Tussar silk waste,0,,,,,CHAPTER-50
50030030,5003,Eri waste,0,,,,,CHAPTER-50
50030040,5003,Munga waste,0,,,,,CHAPTER-50
50030090,5003,Other,0,,,,,CHAPTER-50
50040010,5004,100% mulberry dupion silk yarn,5,,,,,CHAPTER-50
50040090,5004,Other,5,,,,,CHAPTER-50
50050011,5005,Other than noil silk,5,,,,,CHAPTER-50
50050012,5005,From noil silk,5,,,,,CHAPTER-50
50050021,5005,Other than noil silk,5,,,,,CHAPTER-50
50050022,5005,From noil silk,5,,,,,CHAPTER-50
50060011,5006,Silk embroidery thread,5,,,,,CHAPTER-50
50060019,5006,Other,5,,,,,CHAPTER-50
50060021,5006,Silk embroidery thread,5,,,,,CHAPTER-50
50060029,5006,Other,5,,,,,CHAPTER-50
50060031,5006,Spun from silk waste other than noil silk,5,,,,,CHAPTER-50
50060032,5006,Yarn spun from noil silk,5,,,,,CHAPTER-50
50060033,5006,Silk embroidery thread,5,,,,,CHAPTER-50
50060039,5006,Other,5,,,,,CHAPTER-50
50060090,5006,Other,5,,,,,CHAPTER-50
50071000,5007,Fabrics of noil silk,5,,,,,CHAPTER-50
50072010,5007,Sarees,5,,,,,CHAPTER-50
50072090,5007,Other,5,,,,,CHAPTER-50
50079010,5007,Of Handloom woven,5,,,,,CHAPTER-50
50079090,5007,Other fabrics,5,,,,,CHAPTER-50
51011100,5101,Shorn wool,0,,,,,CHAPTER-51
51011900,5101,Other,0,,,,,CHAPTER-51
51012100,5101,Shorn wool,0,,,,,CHAPTER-51
51012900,5101,Other,0,,,,,CHAPTER-51
51013000,5101,Carb430430onised,0,,,,,CHAPTER-51
51021110,5102,Marine Angora,0,,,,,CHAPTER-51
51021190,5102,Other,0,,,,,CHAPTER-51
51021910,5102,Marine Angora,0,,,,,CHAPTER-51
51021990,5102,Other,0,,,,,CHAPTER-51
51022010,5102,Goat hair (other than Angora),0,,,,,CHAPTER-51
51022090,5102,Other (excluding pig and boar bristles),0,,,,,CHAPTER-51
51031010,5103,Noils of wool,0,,,,,CHAPTER-51
51031090,5103,Other,0,,,,,CHAPTER-51
51032010,5103,Waste of sheep's and lamb's wool,0,,,,,CHAPTER-51
51032020,5103,Yarn waste,0,,,,,CHAPTER-51
51032090,5103,Other,0,,,,,CHAPTER-51
51033000,5103,Waste of coarse animal hair,0,,,,,CHAPTER-51
51040010,5104,Shoddy wool,5,,,,,CHAPTER-51
51040090,5104,Other,5,,,,,CHAPTER-51
51051000,5105,Carded wool,5,,,,,CHAPTER-51
51052100,5105,Combed wool in fragments,5,,,,,CHAPTER-51
51052910,5105,Wool tops,5,,,,,CHAPTER-51
51052990,5105,Other,5,,,,,CHAPTER-51
51053100,5105,Of Kashmir (cashmere) goats,5,,,,,CHAPTER-51
51053900,5105,Other,5,,,,,CHAPTER-51
51054000,5105,"Coarse animal hair, carded or combed",5,,,,,CHAPTER-51
51061010,5106,Shoddy woollen yarn,5,,,,,CHAPTER-51
51061020,5106,Munga woollen yarn,5,,,,,CHAPTER-51
51061090,5106,Other,5,,,,,CHAPTER-51
51062010,5106,Shoddy woollen yarn,5,,,,,CHAPTER-51
51062020,5106,Munga woollen yarn,5,,,,,CHAPTER-51
51062090,5106,Other,5,,,,,CHAPTER-51
51071010,5107,Worsted hosiery yarn,5,,,,,CHAPTER-51
51071020,5107,Worsted knitted yarn,5,,,,,CHAPTER-51
51071030,5107,Worsted weaving yarn,5,,,,,CHAPTER-51
51071040,5107,Woollen carpet yarn,5,,,,,CHAPTER-51
51071090,5107,Other,5,,,,,CHAPTER-51
51072010,5107,Worsted hosiery yarn,5,,,,,CHAPTER-51
51072020,5107,Worsted knitted yarn,5,,,,,CHAPTER-51
51072030,5107,Worsted weaving yarn,5,,,,,CHAPTER-51
51072040,5107,Woollen carpet yarn,5,,,,,CHAPTER-51
51072090,5107,Other,5,,,,,CHAPTER-51
51081000,5108,Carded,5,,,,,CHAPTER-51
51082000,5108,Combed,5,,,,,CHAPTER-51
51091010,5109,Hoisery wool,5,,,,,CHAPTER-51
51091090,5109,Other,5,,,,,CHAPTER-51
51099000,5109,Other,5,,,,,CHAPTER-51
51100010,5110,Put up for retail sale,5,,,,,CHAPTER-51
51100020,5110,Other,5,,,,,CHAPTER-51
51111110,5111,Unbleached,5,,,,,CHAPTER-51
51111120,5111,Bleached,5,,,,,CHAPTER-51
51111130,5111,Dyed,5,,,,,CHAPTER-51
51111140,5111,Printed,5,,,,,CHAPTER-51
51111190,5111,Other,5,,,,,CHAPTER-51
51111910,5111,Unbleached,5,,,,,CHAPTER-51
51111920,5111,Bleached,5,,,,,CHAPTER-51
51111930,5111,Dyed,5,,,,,CHAPTER-51
51111940,5111,Printed,5,,,,,CHAPTER-51
51111990,5111,Other,5,,,,,CHAPTER-51
51112010,5111,Unbleached,5,,,,,CHAPTER-51
51112020,5111,Bleached,5,,,,,CHAPTER-51
51112030,5111,Dyed,5,,,,,CHAPTER-51
51112040,5111,Printed,5,,,,,CHAPTER-51
51112090,5111,Other,5,,,,,CHAPTER-51
51113010,5111,Unbleached,5,,,,,CHAPTER-51
51113020,5111,Bleached,5,,,,,CHAPTER-51
51113030,5111,Dyed,5,,,,,CHAPTER-51
51113040,5111,Printed,5,,,,,CHAPTER-51
51113090,5111,Other,5,,,,,CHAPTER-51
51119010,5111,Unbleached,5,,,,,CHAPTER-51
51119020,5111,Bleached,5,,,,,CHAPTER-51
51119030,5111,Dyed,5,,,,,CHAPTER-51
51119040,5111,Printed,5,,,,,CHAPTER-51
51119090,5111,Other,5,,,,,CHAPTER-51
51121110,5112,Unbleached,5,,,,,CHAPTER-51
51121120,5112,Bleached,5,,,,,CHAPTER-51
51121130,5112,Dyed,5,,,,,CHAPTER-51
51121140,5112,Printed,5,,,,,CHAPTER-51
51121190,5112,Other,5,,,,,CHAPTER-51
51121910,5112,Unbleached,5,,,,,CHAPTER-51
51121920,5112,Bleached,5,,,,,CHAPTER-51
51121930,5112,Dyed,5,,,,,CHAPTER-51
51121940,5112,Printed,5,,,,,CHAPTER-51
51121990,5112,Other,5,,,,,CHAPTER-51
51122010,5112,Unbleached,5,,,,,CHAPTER-51
51122020,5112,Bleached,5,,,,,CHAPTER-51
51122030,5112,Dyed,5,,,,,CHAPTER-51
51122040,5112,Printed,5,,,,,CHAPTER-51
51122090,5112,Other,5,,,,,CHAPTER-51
51123010,5112,Unbleached,5,,,,,CHAPTER-51
51123020,5112,Bleached,5,,,,,CHAPTER-51
51123030,5112,Dyed,5,,,,,CHAPTER-51
51123040,5112,Printed,5,,,,,CHAPTER-51
51123090,5112,Other,5,,,,,CHAPTER-51
51129010,5112,Unbleached,5,,,,,CHAPTER-51
51129020,5112,Bleached,5,,,,,CHAPTER-51
51129030,5112,Dyed,5,,,,,CHAPTER-51
51129040,5112,Printed,5,,,,,CHAPTER-51
51129050,5112,Of Handloom,5,,,,,CHAPTER-51
51129090,5112,Other,5,,,,,CHAPTER-51
51130010,5113,Unbleached,5,,,,,CHAPTER-51
51130020,5113,Bleached,5,,,,,CHAPTER-51
51130030,5113,Dyed,5,,,,,CHAPTER-51
51130040,5113,Printed,5,,,,,CHAPTER-51
51130090,5113,Other,5,,,,,CHAPTER-51
52010011,5201,Bengal deshi,5,,,,,CHAPTER-52
52010012,5201,"Indian cotton of staple lengths 20.5 mm(25/32"") and below (e. g. oomras, yellow picking, Assam comillas)",5,,,,,CHAPTER-52
52010013,5201,"Indian cotton of staple length exceeding20.5mm (26/32"") but not exceeding 24.5mm (30/32"")",5,,,,,CHAPTER-52
52010014,5201,Indian cotton of staple length over 24.5 mm(31/32”) to 28 mm,5,,,,,CHAPTER-52
52010015,5201,Indian cotton of staple length 28.5 mm(14/32”) and above but below 34.5 mm,5,,,,,CHAPTER-52
52010019,5201,Indian cotton of all staple length 34.5 mmand above (112/32”),5,,,,,CHAPTER-52
52010020,5201,"Cotton, other than Indian, of all staple lengths",5,,,,,CHAPTER-52
52021000,5202,Yarn waste (including thread waste),5,,,,,CHAPTER-52
52029100,5202,Garnetted stock,5,,,,,CHAPTER-52
52029900,5202,Other,5,,,,,CHAPTER-52
52030000,5203,"COTTON, CARDED OR COMBED",5,,,,,CHAPTER-52
52041110,5204,"Cotton thread, sewing,containing any synthetic staple fibre",5,,,,,CHAPTER-52
52041120,5204,"Cotton thread, darning",5,,,,,CHAPTER-52
52041130,5204,Embroidery cotton thread,5,,,,,CHAPTER-52
52041140,5204,"Cotton sewing thread, not containing any synthetic staple fibre",5,,,,,CHAPTER-52
52041190,5204,Other,5,,,,,CHAPTER-52
52041900,5204,Other,5,,,,,CHAPTER-52
52042010,5204,"Cotton thread, sewing, containing any synthetic staple fibre",5,,,,,CHAPTER-52
52042020,5204,"Cotton thread, darning",5,,,,,CHAPTER-52
52042030,5204,Embroidery cotton thread,5,,,,,CHAPTER-52
52042040,5204,"Cotton sewing thread, not containing any synthetic staple fibre",5,,,,,CHAPTER-52
52042090,5204,Other,5,,,,,CHAPTER-52
52051110,5205,Grey,5,GST rate is NIL for Gandhi Topi and Khadi Yarn,,,,CHAPTER-52
52051120,5205,Bleached,5,,,,,CHAPTER-52
52051130,5205,Dyed,5,,,,,CHAPTER-52
52051190,5205,Other,5,,,,,CHAPTER-52
52051210,5205,Grey,5,,,,,CHAPTER-52
52051220,5205,Bleached,5,,,,,CHAPTER-52
52051230,5205,Dyed,5,,,,,CHAPTER-52
52051290,5205,Other,5,,,,,CHAPTER-52
52051310,5205,Grey,5,,,,,CHAPTER-52
52051320,5205,Bleached,5,,,,,CHAPTER-52
52051330,5205,Dyed,5,,,,,CHAPTER-52
52051390,5205,Other,5,,,,,CHAPTER-52
52051410,5205,Grey,5,,,,,CHAPTER-52
52051420,5205,Bleached,5,,,,,CHAPTER-52
52051430,5205,Dyed,5,,,,,CHAPTER-52
52051490,5205,Other,5,,,,,CHAPTER-52
52051510,5205,Grey,5,,,,,CHAPTER-52
52051520,5205,Bleached,5,,,,,CHAPTER-52
52051530,5205,Dyed,5,,,,,CHAPTER-52
52051590,5205,Other,5,,,,,CHAPTER-52
52052110,5205,Grey,5,,,,,CHAPTER-52
52052120,5205,Bleached,5,,,,,CHAPTER-52
52052130,5205,Dyed,5,,,,,CHAPTER-52
52052190,5205,Other,5,,,,,CHAPTER-52
52052210,5205,Grey,5,,,,,CHAPTER-52
52052220,5205,Bleached,5,,,,,CHAPTER-52
52052290,5205,Other,5,,,,,CHAPTER-52
52052310,5205,Grey,5,,,,,CHAPTER-52
52052320,5205,Bleached,5,,,,,CHAPTER-52
52052390,5205,Other,5,,,,,CHAPTER-52
52052410,5205,Grey,5,,,,,CHAPTER-52
52052420,5205,Bleached,5,,,,,CHAPTER-52
52052490,5205,Other,5,,,,,CHAPTER-52
52052610,5205,Dyed,5,,,,,CHAPTER-52
52052620,5205,Bleached,5,,,,,CHAPTER-52
52052690,5205,Other,5,,,,,CHAPTER-52
52052710,5205,Dyed,5,,,,,CHAPTER-52
52052720,5205,Bleached,5,,,,,CHAPTER-52
52052790,5205,Other,5,,,,,CHAPTER-52
52052810,5205,Dyed,5,,,,,CHAPTER-52
52052820,5205,Bleached,5,,,,,CHAPTER-52
52052890,5205,Other,5,,,,,CHAPTER-52
52053110,5205,Grey,5,,,,,CHAPTER-52
52053120,5205,Bleached,5,,,,,CHAPTER-52
52053130,5205,Dyed,5,,,,,CHAPTER-52
52053190,5205,Other,5,,,,,CHAPTER-52
52053210,5205,Grey,5,,,,,CHAPTER-52
52053220,5205,Bleached,5,,,,,CHAPTER-52
52053290,5205,Other,5,,,,,CHAPTER-52
52053310,5205,Grey,5,,,,,CHAPTER-52
52053320,5205,Bleached,5,,,,,CHAPTER-52
52053330,5205,Dyed,5,,,,,CHAPTER-52
52053390,5205,Other,5,,,,,CHAPTER-52
52053410,5205,Grey,5,,,,,CHAPTER-52
52053420,5205,Bleached,5,,,,,CHAPTER-52
52053430,5205,Dyed,5,,,,,CHAPTER-52
52053490,5205,Other,5,,,,,CHAPTER-52
52053510,5205,Grey,5,,,,,CHAPTER-52
52053590,5205,Other,5,,,,,CHAPTER-52
52054110,5205,Grey,5,,,,,CHAPTER-52
52054120,5205,Bleached,5,,,,,CHAPTER-52
52054130,5205,Dyed,5,,,,,CHAPTER-52
52054190,5205,Other,5,,,,,CHAPTER-52
52054210,5205,Grey,5,,,,,CHAPTER-52
52054290,5205,Other,5,,,,,CHAPTER-52
52054310,5205,Grey,5,,,,,CHAPTER-52
52054320,5205,Bleached,5,,,,,CHAPTER-52
52054390,5205,Other,5,,,,,CHAPTER-52
52054410,5205,Grey,5,,,,,CHAPTER-52
52054420,5205,Bleached,5,,,,,CHAPTER-52
52054490,5205,Other,5,,,,,CHAPTER-52
52054610,5205,Grey,5,,,,,CHAPTER-52
52054620,5205,Bleached,5,,,,,CHAPTER-52
52054630,5205,Dyed,5,,,,,CHAPTER-52
52054690,5205,Other,5,,,,,CHAPTER-52
52054710,5205,Grey,5,,,,,CHAPTER-52
52054720,5205,Bleached,5,,,,,CHAPTER-52
52054730,5205,Dyed,5,,,,,CHAPTER-52
52054790,5205,Other,5,,,,,CHAPTER-52
52054810,5205,Grey,5,,,,,CHAPTER-52
52054820,5205,Bleached,5,,,,,CHAPTER-52
52054830,5205,Dyed,5,,,,,CHAPTER-52
52054890,5205,Other,5,,,,,CHAPTER-52
52061100,5206,Measuring 714.29 decitex or more (not exceeding 14 metric number),5,,,,,CHAPTER-52
52061200,5206,Measuring less than 714.29 decitex but not less than 232.56 decitex (exceeding 14 metric number but not exceeding 43 metric number),5,,,,,CHAPTER-52
52061300,5206,Measuring less than 232.56 decitex but notless than 192.31 decitex (exceeding 43 metric number but not exceeding 52 metric number),5,,,,,CHAPTER-52
52061400,5206,Measuring less than 192.31 decitex but not less than 125 decitex (exceeding 52 metric number but not exceeding 80 metric number),5,,,,,CHAPTER-52
52061500,5206,Measuring less than 125 decitex (exceeding 80 metric number),5,,,,,CHAPTER-52
52062100,5206,Measuring 714.29 decitex or more (not exceeding 14 metric number),5,,,,,CHAPTER-52
52062200,5206,Measuring less than 714.29 decitex but not less than 232.56 decitex (exceeding 14 metric number but not exceeding 43 metric number),5,,,,,CHAPTER-52
52062300,5206,Measuring less than 232.56 decitex but notless than 192.31 decitex (exceeding 43 metric number but not exceeding 52 metric number),5,,,,,CHAPTER-52
52062400,5206,Measuring less than 192.31 decitex but not less than 125 decitex (exceeding 52 metric number but not exceeding 80 metric number),5,,,,,CHAPTER-52
52062500,5206,Measuring less than 125 decitex (exceeding 80 metric number),5,,,,,CHAPTER-52
52063100,5206,Measuring per single yarn 714.29 decitex or more (not exceeding 14 metric number per single yarn),5,,,,,CHAPTER-52
52063200,5206,Measuring per single yarn less than 714.29 decitex but not less than 232.56 decitex (exceeding 14 metric number but not exceeding 43 metric number per single yarn),5,,,,,CHAPTER-52
52063300,5206,Measuring per single yarn less than 232.56 decitex but notless than 192.31 decitex (exceeding 43 metric number but not exceeding 52 metric number per single yarn),5,,,,,CHAPTER-52
52063400,5206,Measuring per single yarn less than 192.31 decitex but not less than 125 decitex (exceeding 52 metric number but not exceeding 80 metric number per single yarn),5,,,,,CHAPTER-52
52063500,5206,Measuring per single yarn less than 125 decitex (exceeding 80 metric number per single yarn),5,,,,,CHAPTER-52
52064100,5206,Measuring per single yarn 714.29 decitex or more (not exceeding 14 metric number per single yarn),5,,,,,CHAPTER-52
52064200,5206,Measuring per single yarn less than 714.29 decitex but not less than 232.56 decitex (exceeding 14 metric number but not exceeding 43 metric number per single yarn),5,,,,,CHAPTER-52
52064300,5206,Measuring per single yarn less than 232.56 decitex but notless than 192.31 decitex (exceeding 43 metric number but not exceeding 52 metric number per single yarn),5,,,,,CHAPTER-52
52064400,5206,Measuring per single yarn less than 192.31 decitex but not less than 125 decitex (exceeding 52 metric number but not exceeding 80 metric number per single yarn),5,,,,,CHAPTER-52
52064500,5206,Measuring per single yarn less than 125 decitex (exceeding 80 metric number per single yarn),5,,,,,CHAPTER-52
52071000,5207,Containing 85% or more by weight of cotton,5,,,,,CHAPTER-52
52079000,5207,Other,5,,,,,CHAPTER-52
52081110,5208,Dhoti,5,,,,,CHAPTER-52
52081120,5208,Saree,5,,,,,CHAPTER-52
52081130,5208,Shirting fabrics,5,,,,,CHAPTER-52
52081140,5208,Casement,5,,,,,CHAPTER-52
52081190,5208,Other,5,,,,,CHAPTER-52
52081210,5208,Dhoti,5,,,,,CHAPTER-52
52081220,5208,Saree,5,,,,,CHAPTER-52
52081230,5208,Shirting fabrics,5,,,,,CHAPTER-52
52081240,5208,Casement,5,,,,,CHAPTER-52
52081250,5208,"Sheeting(takia, leopard fabrics, other than furnishing fabrics)",5,,,,,CHAPTER-52
52081260,5208,Voils,5,,,,,CHAPTER-52
52081290,5208,Other,5,,,,,CHAPTER-52
52081310,5208,Shirting fabrics,5,,,,,CHAPTER-52
52081320,5208,Dobby fabrics,5,,,,,CHAPTER-52
52081390,5208,Other,5,,,,,CHAPTER-52
52081910,5208,"Dedsuti, dosuti fabrics",5,,,,,CHAPTER-52
52081990,5208,Other,5,,,,,CHAPTER-52
52082110,5208,Dhoti,5,,,,,CHAPTER-52
52082120,5208,Saree,5,,,,,CHAPTER-52
52082130,5208,Casement,5,,,,,CHAPTER-52
52082140,5208,Shirting fabrics,5,,,,,CHAPTER-52
52082150,5208,Cambrics (including madapollam and jaconet),5,,,,,CHAPTER-52
52082160,5208,Mulls (including limbric and willaya),5,,,,,CHAPTER-52
52082170,5208,"Muslin (including lawn, mulmul and organdi)",5,,,,,CHAPTER-52
52082180,5208,Voils (excluding leno fabrics),5,,,,,CHAPTER-52
52082190,5208,Other,5,,,,,CHAPTER-52
52082210,5208,Dhoti,5,,,,,CHAPTER-52
52082220,5208,Saree,5,,,,,CHAPTER-52
52082230,5208,Shirting fabrics,5,,,,,CHAPTER-52
52082240,5208,Casement,5,,,,,CHAPTER-52
52082250,5208,Cambrics (including madapollam and jaconet),5,,,,,CHAPTER-52
52082260,5208,Long cloth (including calico),5,,,,,CHAPTER-52
52082270,5208,Sheeting (takia and the like),5,,,,,CHAPTER-52
52082280,5208,Voils (excluding leno fabrics),5,,,,,CHAPTER-52
52082290,5208,Other,5,,,,,CHAPTER-52
52082310,5208,Shirting fabrics,5,,,,,CHAPTER-52
52082320,5208,"Parmatta fabrics (including ilesia, pocketing, Italian twill)",5,,,,,CHAPTER-52
52082330,5208,Shirting fabrics,5,,,,,CHAPTER-52
52082390,5208,Other,5,,,,,CHAPTER-52
52082910,5208,"Dhoti and saree, zari bordered",5,,,,,CHAPTER-52
52082920,5208,"Dedsuti, dosuti fabrics, ceretonnes and osamburge",5,,,,,CHAPTER-52
52082990,5208,Other,5,,,,,CHAPTER-52
52083110,5208,Lungi,5,,,,,CHAPTER-52
52083121,5208,Of Handloom,5,,,,,CHAPTER-52
52083129,5208,Other,5,,,,,CHAPTER-52
52083130,5208,Shirting fabrics,5,,,,,CHAPTER-52
52083140,5208,Casement,5,,,,,CHAPTER-52
52083150,5208,Cambrics (including madapollam and jaconet),5,,,,,CHAPTER-52
52083160,5208,Mull (including limbric and willaya),5,,,,,CHAPTER-52
52083170,5208,Muslin (including lawn mulmul and organdi),5,,,,,CHAPTER-52
52083180,5208,Voils (excluding leno fabrics),5,,,,,CHAPTER-52
52083190,5208,Other,5,,,,,CHAPTER-52
52083210,5208,Lungi,5,,,,,CHAPTER-52
52083220,5208,Saree,5,,,,,CHAPTER-52
52083230,5208,Shirting fabrics,5,,,,,CHAPTER-52
52083240,5208,Casement,5,,,,,CHAPTER-52
52083250,5208,"Bedticking, domestic",5,,,,,CHAPTER-52
52083260,5208,"Cambrics (including madapollam and jaconet), longcloth(including calico) and voils (excluding leno fabrics)",5,,,,,CHAPTER-52
52083270,5208,Coating (including suiting),5,,,,,CHAPTER-52
52083280,5208,Furnishing fabrics( excluding pile and chenille fabrics),5,,,,,CHAPTER-52
52083290,5208,Other,5,,,,,CHAPTER-52
52083310,5208,Shirting fabrics,5,,,,,CHAPTER-52
52083320,5208,Coating (including suiting),5,,,,,CHAPTER-52
52083330,5208,Shirting (including mazri),5,,,,,CHAPTER-52
52083390,5208,Other,5,,,,,CHAPTER-52
52083910,5208,Zari bordered sarees,5,,,,,CHAPTER-52
52083990,5208,Other,5,,,,,CHAPTER-52
52084110,5208,Bleeding Madras,5,,,,,CHAPTER-52
52084121,5208,Of Handloom,5,,,,,CHAPTER-52
52084129,5208,Other,5,,,,,CHAPTER-52
52084130,5208,Shirting fabrics,5,,,,,CHAPTER-52
52084140,5208,"Bed ticking, domestic",5,,,,,CHAPTER-52
52084150,5208,Furnishing fabrics (excluding pile and chenille fabrics),5,,,,,CHAPTER-52
52084190,5208,Other,5,,,,,CHAPTER-52
52084210,5208,Bleeding Madras,5,,,,,CHAPTER-52
52084220,5208,Saree,5,,,,,CHAPTER-52
52084230,5208,Shirting fabrics,5,,,,,CHAPTER-52
52084240,5208,Casement,5,,,,,CHAPTER-52
52084250,5208,"Bed ticking, domestic",5,,,,,CHAPTER-52
52084260,5208,"Furnishing fabrics, other than pile and chenille fabrics",5,,,,,CHAPTER-52
52084290,5208,Other,5,,,,,CHAPTER-52
52084310,5208,Bleeding Madras,5,,,,,CHAPTER-52
52084320,5208,Shirting fabrics,5,,,,,CHAPTER-52
52084330,5208,"Bedticking, damask",5,,,,,CHAPTER-52
52084340,5208,Flannelette,5,,,,,CHAPTER-52
52084390,5208,Other,5,,,,,CHAPTER-52
52084910,5208,Zari bordered sarees,5,,,,,CHAPTER-52
52084921,5208,Of Handloom,5,,,,,CHAPTER-52
52084929,5208,Other,5,,,,,CHAPTER-52
52084990,5208,Other,5,,,,,CHAPTER-52
52085110,5208,Lungi,5,,,,,CHAPTER-52
52085120,5208,Saree,5,,,,,CHAPTER-52
52085130,5208,Shirting fabrics,5,,,,,CHAPTER-52
52085140,5208,Casement,5,,,,,CHAPTER-52
52085150,5208,Cambrics (including madapollam and jaconet),5,,,,,CHAPTER-52
52085160,5208,Mull (including limbric and willaya),5,,,,,CHAPTER-52
52085170,5208,Muslin (including lawn mulmul and organdi of carded or combed yarn,5,,,,,CHAPTER-52
52085180,5208,Voils (excluding leno fabrics),5,,,,,CHAPTER-52
52085190,5208,Other,5,,,,,CHAPTER-52
52085210,5208,Lungi,5,,,,,CHAPTER-52
52085220,5208,Saree,5,,,,,CHAPTER-52
52085230,5208,Shirting fabrics,5,,,,,CHAPTER-52
52085240,5208,Casement,5,,,,,CHAPTER-52
52085250,5208,Cambrics (including madapollam and jaconet),5,,,,,CHAPTER-52
52085260,5208,Mull (including limbric and willaya),5,,,,,CHAPTER-52
52085270,5208,Muslin (including lawn mulmul and organdi of carded or combed yarn,5,,,,,CHAPTER-52
52085280,5208,Voils (excluding leno fabrics),5,,,,,CHAPTER-52
52085290,5208,Other,5,,,,,CHAPTER-52
52085910,5208,Zari bordered sarees,5,,,,,CHAPTER-52
52085920,5208,"Sarees, Handloom",5,,,,,CHAPTER-52
52085990,5208,Other,5,,,,,CHAPTER-52
52091111,5209,Dhoti,5,,,,,CHAPTER-52
52091112,5209,Saree,5,,,,,CHAPTER-52
52091113,5209,Casement,5,,,,,CHAPTER-52
52091114,5209,"Sheeting (takia, leopard cloth and other than furnishing)",5,,,,,CHAPTER-52
52091119,5209,Other,5,,,,,CHAPTER-52
52091190,5209,Other,5,,,,,CHAPTER-52
52091210,5209,Saree,5,,,,,CHAPTER-52
52091220,5209,Shirting fabrics,5,,,,,CHAPTER-52
52091230,5209,Furnishing fabrics (excluding pile and chenille fabrics),5,,,,,CHAPTER-52
52091240,5209,Seersucker,5,,,,,CHAPTER-52
52091250,5209,"Canvas, including duck – carded or combed yarn",5,,,,,CHAPTER-52
52091260,5209,Flannelette,5,,,,,CHAPTER-52
52091270,5209,"Shetting (takia, leopard cloth)",5,,,,,CHAPTER-52
52091290,5209,Other,5,,,,,CHAPTER-52
52091900,5209,Other Fabrics,5,,,,,CHAPTER-52
52092110,5209,Saree,5,,,,,CHAPTER-52
52092120,5209,Shirting fabrics,5,,,,,CHAPTER-52
52092130,5209,Furnishing fabrics (excluding pile and chenille fabrics),5,,,,,CHAPTER-52
52092140,5209,Seersucker,5,,,,,CHAPTER-52
52092150,5209,Canvas (including duck) of carded or combed yarn,5,,,,,CHAPTER-52
52092160,5209,Dhoti,5,,,,,CHAPTER-52
52092170,5209,Flannelette,5,,,,,CHAPTER-52
52092180,5209,"Sheeting(takia, leopardcloth)",5,,,,,CHAPTER-52
52092190,5209,Other,5,,,,,CHAPTER-52
52092210,5209,Shirting fabrics,5,,,,,CHAPTER-52
52092220,5209,Furnishing fabrics (excluding pile and chenille fabrics),5,,,,,CHAPTER-52
52092230,5209,Drill,5,,,,,CHAPTER-52
52092290,5209,Other,5,,,,,CHAPTER-52
52092910,5209,"Dhoti and saree, zari bordered",5,,,,,CHAPTER-52
52092920,5209,"Dedsuti, dosuti fabrics, ceretonnes and osamburge",5,,,,,CHAPTER-52
52092990,5209,Other,5,,,,,CHAPTER-52
52093110,5209,Lungi,5,,,,,CHAPTER-52
52093120,5209,Saree,5,,,,,CHAPTER-52
52093130,5209,Shirting fabrics,5,,,,,CHAPTER-52
52093140,5209,Furnishing fabrics(excluding pile and Chenille fabrics),5,,,,,CHAPTER-52
52093150,5209,Seersucker,5,,,,,CHAPTER-52
52093160,5209,"Bedticking, domestic(other than hand dyed)",5,,,,,CHAPTER-52
52093170,5209,"Canvas (including duck), of carded or",5,,,,,CHAPTER-52
52093180,5209,Flannellete,5,,,,,CHAPTER-52
52093190,5209,Other,5,,,,,CHAPTER-52
52093210,5209,Shirting fabrics,5,,,,,CHAPTER-52
52093220,5209,Furnishing fabrics(excluding pile and Chenille fabrics),5,,,,,CHAPTER-52
52093230,5209,Drill,5,,,,,CHAPTER-52
52093290,5209,Other,5,,,,,CHAPTER-52
52093910,5209,Zari bordered sarees,5,,,,,CHAPTER-52
52093990,5209,Other,5,,,,,CHAPTER-52
52094110,5209,Bleeding Madras,5,,,,,CHAPTER-52
52094120,5209,Saree,5,,,,,CHAPTER-52
52094130,5209,Shirting fabrics,5,,,,,CHAPTER-52
52094140,5209,Furnishing fabrics (excluding pile and chenille fabrics),5,,,,,CHAPTER-52
52094150,5209,Seersucker,5,,,,,CHAPTER-52
52094160,5209,"Bedticking, domestic(other than hand dyed)",5,,,,,CHAPTER-52
52094170,5209,Flannelette,5,,,,,CHAPTER-52
52094190,5209,Other,5,,,,,CHAPTER-52
52094200,5209,Denim,5,,,,,CHAPTER-52
52094310,5209,Bleeding Madras,5,,,,,CHAPTER-52
52094320,5209,Shirting fabrics,5,,,,,CHAPTER-52
52094330,5209,Furnishing fabrics (excluding pile and chenille fabrics),5,,,,,CHAPTER-52
52094340,5209,Coating (including suiting),5,,,,,CHAPTER-52
52094390,5209,Other,5,,,,,CHAPTER-52
52094910,5209,Zari bordered sari,5,,,,,CHAPTER-52
52094990,5209,Other,5,,,,,CHAPTER-52
52095111,5209,Of Handloom,5,,,,,CHAPTER-52
52095119,5209,Other,5,,,,,CHAPTER-52
52095120,5209,Saree,5,,,,,CHAPTER-52
52095130,5209,Shirting fabrics,5,,,,,CHAPTER-52
52095140,5209,Furnishing fabrics (excluding pile and chenille fabrics),5,,,,,CHAPTER-52
52095150,5209,Seersucker,5,,,,,CHAPTER-52
52095160,5209,"Bedticking, domestic",5,,,,,CHAPTER-52
52095170,5209,Flannelette,5,,,,,CHAPTER-52
52095190,5209,Other,5,,,,,CHAPTER-52
52095210,5209,Shirting fabrics,5,,,,,CHAPTER-52
52095220,5209,Furnishing fabrics (excluding pile and chenille fabrics),5,,,,,CHAPTER-52
52095290,5209,Other,5,,,,,CHAPTER-52
52095910,5209,Zari bordered saree,5,,,,,CHAPTER-52
52095990,5209,Other,5,,,,,CHAPTER-52
52101110,5210,Shirting fabrics,5,,,,,CHAPTER-52
52101120,5210,Saree,5,,,,,CHAPTER-52
52101190,5210,Other,5,,,,,CHAPTER-52
52101900,5210,Other fabrics,5,,,,,CHAPTER-52
52102110,5210,Shirting fabrics,5,,,,,CHAPTER-52
52102120,5210,Poplin and broad fabrics,5,,,,,CHAPTER-52
52102130,5210,Saree,5,,,,,CHAPTER-52
52102140,5210,Shirting (including mazri),5,,,,,CHAPTER-52
52102150,5210,Voile,5,,,,,CHAPTER-52
52102190,5210,Other,5,,,,,CHAPTER-52
52102910,5210,"Dhoti and saree, zari bordered",5,,,,,CHAPTER-52
52102920,5210,"Dedsuti, Dosuti, ceretonnes and osamburge",5,,,,,CHAPTER-52
52102990,5210,Other,5,,,,,CHAPTER-52
52103110,5210,Shirting fabrics,5,,,,,CHAPTER-52
52103120,5210,Coating (including suitings),5,,,,,CHAPTER-52
52103130,5210,Furnishing fabrics (excluding pile and chenille fabrics),5,,,,,CHAPTER-52
52103140,5210,Poplin and broad fabrics,5,,,,,CHAPTER-52
52103150,5210,Saree,5,,,,,CHAPTER-52
52103160,5210,Voils,5,,,,,CHAPTER-52
52103190,5210,Other,5,,,,,CHAPTER-52
52103210,5210,Crepe fabrics including crepe checks,5,,,,,CHAPTER-52
52103220,5210,Shirting fabrics,5,,,,,CHAPTER-52
52103230,5210,"Bedticking, damask",5,,,,,CHAPTER-52
52103290,5210,Other,5,,,,,CHAPTER-52
52103910,5210,Zari bordered saree,5,,,,,CHAPTER-52
52103990,5210,Other,5,,,,,CHAPTER-52
52104110,5210,Bleeding Madras,5,,,,,CHAPTER-52
52104120,5210,Crepe fabrics (excluding crepe checks),5,,,,,CHAPTER-52
52104130,5210,Shirting fabrics,5,,,,,CHAPTER-52
52104140,5210,Suitings,5,,,,,CHAPTER-52
52104150,5210,Poplin and broad fabrics,5,,,,,CHAPTER-52
52104160,5210,Saree,5,,,,,CHAPTER-52
52104170,5210,Voils,5,,,,,CHAPTER-52
52104190,5210,Other,5,,,,,CHAPTER-52
52104910,5210,Zari bordered saree,5,,,,,CHAPTER-52
52104990,5210,Other,5,,,,,CHAPTER-52
52105110,5210,Shirting fabrics,5,,,,,CHAPTER-52
52105120,5210,Casement,5,,,,,CHAPTER-52
52105130,5210,Saree,5,,,,,CHAPTER-52
52105140,5210,Poplin and broad fabrics,5,,,,,CHAPTER-52
52105150,5210,Voils,5,,,,,CHAPTER-52
52105190,5210,Other,5,,,,,CHAPTER-52
52105910,5210,Zari borderedsaree,5,,,,,CHAPTER-52
52105990,5210,Other,5,,,,,CHAPTER-52
52111110,5211,Shirting fabrics,5,,,,,CHAPTER-52
52111120,5211,Saree,5,,,,,CHAPTER-52
52111190,5211,Other,5,,,,,CHAPTER-52
52111210,5211,Shirting fabrics,5,,,,,CHAPTER-52
52111220,5211,"Twill, not elsewhere specified(including gaberdine)",5,,,,,CHAPTER-52
52111230,5211,Damask,5,,,,,CHAPTER-52
52111290,5211,Other,5,,,,,CHAPTER-52
52111900,5211,Other fabrics,5,,,,,CHAPTER-52
52112010,5211,Shirting fabrics,5,,,,,CHAPTER-52
52112020,5211,Canvas (including duck) of carded or combed yarn,5,,,,,CHAPTER-52
52112030,5211,Flannelettee,5,,,,,CHAPTER-52
52112040,5211,Saree,5,,,,,CHAPTER-52
52112050,5211,Crepe fabric including Crepe checks,5,,,,,CHAPTER-52
52112060,5211,Twill fabrics,5,,,,,CHAPTER-52
52112091,5211,Zari bordered sari,5,,,,,CHAPTER-52
52112092,5211,"Dedsuti, dosuti, ceretonnes and osamburge",5,,,,,CHAPTER-52
52112099,5211,Other,5,,,,,CHAPTER-52
52113110,5211,Shirting fabrics,5,,,,,CHAPTER-52
52113120,5211,Canvas (including duck) of carded or combed yarn,5,,,,,CHAPTER-52
52113130,5211,Coating (including suitings),5,,,,,CHAPTER-52
52113140,5211,Flannellette,5,,,,,CHAPTER-52
52113150,5211,Saree,5,,,,,CHAPTER-52
52113190,5211,Other,5,,,,,CHAPTER-52
52113210,5211,Crepe fabrics including crepe checks,5,,,,,CHAPTER-52
52113220,5211,Shirting fabrics,5,,,,,CHAPTER-52
52113230,5211,"Twill, not elsewhere specified(including gaberdine)",5,,,,,CHAPTER-52
52113240,5211,Trousers or pant fabrics(excluding jeans and crepe),5,,,,,CHAPTER-52
52113290,5211,Other,5,,,,,CHAPTER-52
52113910,5211,Zari bordered sarees,5,,,,,CHAPTER-52
52113990,5211,Other,5,,,,,CHAPTER-52
52114110,5211,Bleeding Madras,5,,,,,CHAPTER-52
52114120,5211,Check shirting (excluding crepe checks),5,,,,,CHAPTER-52
52114130,5211,Shirting,5,,,,,CHAPTER-52
52114140,5211,Suitings,5,,,,,CHAPTER-52
52114150,5211,Flannelette,5,,,,,CHAPTER-52
52114160,5211,Saree,5,,,,,CHAPTER-52
52114170,5211,Parachute fabrics,5,,,,,CHAPTER-52
52114190,5211,Other,5,,,,,CHAPTER-52
52114200,5211,Denim,5,,,,,CHAPTER-52
52114310,5211,Bleeding Madras,5,,,,,CHAPTER-52
52114320,5211,Crepe fabrics,5,,,,,CHAPTER-52
52114330,5211,Shirting fabrics,5,,,,,CHAPTER-52
52114340,5211,Suitings,5,,,,,CHAPTER-52
52114390,5211,Other,5,,,,,CHAPTER-52
52114910,5211,Zari bordered sarees,5,,,,,CHAPTER-52
52114990,5211,Other,5,,,,,CHAPTER-52
52115110,5211,Shirting fabrics,5,,,,,CHAPTER-52
52115120,5211,Furnishing fabrics (excluding pile and chenille fabrics),5,,,,,CHAPTER-52
52115130,5211,Flannelette,5,,,,,CHAPTER-52
52115140,5211,Long cloth (chintz),5,,,,,CHAPTER-52
52115150,5211,Saree,5,,,,,CHAPTER-52
52115190,5211,Other,5,,,,,CHAPTER-52
52115210,5211,Crepe fabrics including crepe checks,5,,,,,CHAPTER-52
52115220,5211,Shirting fabrics,5,,,,,CHAPTER-52
52115230,5211,"Twill, not elsewhere specified(including gaberdine)",5,,,,,CHAPTER-52
52115290,5211,Other,5,,,,,CHAPTER-52
52115910,5211,Zari bordered saree,5,,,,,CHAPTER-52
52115990,5211,Other,5,,,,,CHAPTER-52
52121100,5212,Unbleached,5,,,,,CHAPTER-52
52121200,5212,Bleached,5,,,,,CHAPTER-52
52121300,5212,Dyed,5,,,,,CHAPTER-52
52121400,5212,Of yarns of different colours,5,,,,,CHAPTER-52
52121500,5212,Printed,5,,,,,CHAPTER-52
52122100,5212,Unbleached,5,,,,,CHAPTER-52
52122200,5212,Bleached,5,,,,,CHAPTER-52
52122300,5212,Dyed,5,,,,,CHAPTER-52
52122400,5212,Of yarns of different colours,5,,,,,CHAPTER-52
52122500,5212,Printed,5,,,,,CHAPTER-52
53011000,5301,"Flax, raw or retted",5,,,,,CHAPTER-53
53012100,5301,Broken or scutched,5,,,,,CHAPTER-53
53012900,5301,Other,5,,,,,CHAPTER-53
53013000,5301,Flax tow and waste,5,,,,,CHAPTER-53
53021000,5302,"True hemp, raw or retted",5,,,,,CHAPTER-53
53029000,5302,Other,5,,,,,CHAPTER-53
53031010,5303,"Jute, raw or retted",0,"GST rate is NIL for Jute Fibres, Raw or Processed but not spun",,,,CHAPTER-53
53031090,5303,Other,5,"In case of Jute fibres Spun, the rate of GST is 5%",,,,CHAPTER-53
53039010,5303,Jute cutting,5,,,,,CHAPTER-53
53039090,5303,Other,5,,,,,CHAPTER-53
53050010,5305,"Coir bristles fibre, coir mattress fibre, coir short fibre, coir bit fibre, decorticated coir fibre",0,,,,,CHAPTER-53
53050030,5305,Curled or machine twisted coir fibre,0,,,,,CHAPTER-53
53050040,5305,"Coir pith, processed in value added form like briquette, coins, neo disc, grow bags, organic manure and in loose form for use in horticulture or agriculture.",5,,,,,CHAPTER-53
53050050,5305,Of Abaca,5,,,,,CHAPTER-53
53050090,,Of others,5,GST rate is NIL for Coconut fibre,,,,CHAPTER-53
53061010,5306,Put up for retail sale,5,,,,,CHAPTER-53
53061090,5306,Other,5,,,,,CHAPTER-53
53062010,5306,Put up for retail sale,5,,,,,CHAPTER-53
53062090,5306,Other,5,,,,,CHAPTER-53
53071010,5307,Of jute,5,,,,,CHAPTER-53
53071090,5307,Other,5,,,,,CHAPTER-53
53072000,5307,Multiple (folded) or cabled,5,,,,,CHAPTER-53
53081010,5308,Baled,5,,,,,CHAPTER-53
53081020,5308,Spooled hanks,5,,,,,CHAPTER-53
53081090,5308,Other,5,,,,,CHAPTER-53
53082000,5308,True hemp yarn,5,,,,,CHAPTER-53
53089010,5308,Ramie yarn,5,,,,,CHAPTER-53
53089090,5308,Other,5,,,,,CHAPTER-53
53091110,5309,Unbleached,5,,,,,CHAPTER-53
53091120,5309,Bleached,5,,,,,CHAPTER-53
53091910,5309,Dyed,5,,,,,CHAPTER-53
53091920,5309,Printed,5,,,,,CHAPTER-53
53091990,5309,Other,5,,,,,CHAPTER-53
53092110,5309,Unbleached,5,,,,,CHAPTER-53
53092120,5309,Bleached,5,,,,,CHAPTER-53
53092910,5309,Dyed,5,,,,,CHAPTER-53
53092920,5309,Printed,5,,,,,CHAPTER-53
53092990,5309,Other,5,,,,,CHAPTER-53
53101011,5310,Carpet backing fabrics,5,,,,,CHAPTER-53
53101012,5310,Sacking fabrics,5,,,,,CHAPTER-53
53101013,5310,Hessian fabrics,5,,,,,CHAPTER-53
53101014,5310,Jute canvas,5,,,,,CHAPTER-53
53101019,5310,Other,5,,,,,CHAPTER-53
53101091,5310,Woven blended fabrics containing more than 50% by weight of jute,5,,,,,CHAPTER-53
53101092,5310,Stranded woven fabrics of jute containing 50% or more by weight of jute,5,,,,,CHAPTER-53
53101093,5310,Jute swim fabrics,5,,,,,CHAPTER-53
53101099,5310,Other,5,,,,,CHAPTER-53
53109010,5310,Bleached,5,,,,,CHAPTER-53
53109020,5310,Decorative fabrics,5,,,,,CHAPTER-53
53109091,5310,Bleached,5,,,,,CHAPTER-53
53109092,5310,Dyed,5,,,,,CHAPTER-53
53109093,5310,Printed,5,,,,,CHAPTER-53
53109099,5310,Other,5,,,,,CHAPTER-53
53110011,5311,Unbleached,5,,,,,CHAPTER-53
53110012,5311,Bleached,5,,,,,CHAPTER-53
53110013,5311,Dyed,5,,,,,CHAPTER-53
53110014,5311,Printed,5,,,,,CHAPTER-53
53110015,5311,Of coir including log form and geotextiles,5,,,,,CHAPTER-53
53110019,5311,Other,5,,,,,CHAPTER-53
53110021,5311,Unbleached,5,,,,,CHAPTER-53
53110022,5311,Bleached,5,,,,,CHAPTER-53
53110023,5311,Dyed,5,,,,,CHAPTER-53
53110024,5311,Printed,5,,,,,CHAPTER-53
53110029,5311,Other,5,,,,,CHAPTER-53
54011000,5401,Of synthetic filaments,18,,,,,CHAPTER-54
54012000,5401,Of artificial filaments,18,,,,,CHAPTER-54
54021110,5402,Of aramids,18,,,,,CHAPTER-54
54021910,5402,Nylon tyre yarn,18,,,,,CHAPTER-54
54021990,5402,Other,18,,,,,CHAPTER-54
54022010,5402,Of terylene dacron,18,,,,,CHAPTER-54
54022090,5402,Other,18,,,,,CHAPTER-54
54023100,5402,"Of nylon or other polyamides, measuring per single yarn not more than 50 tex",18,,,,,CHAPTER-54
54023200,5402,"Of nylon or other polyamides, measuring per single yarn more than 50 tex",18,,,,,CHAPTER-54
54023300,5402,Of polyesters,18,,,,,CHAPTER-54
54023400,5402,Of polypropylene,18,,,,,CHAPTER-54
54023910,5402,Polypropylene filament yarn,18,,,,,CHAPTER-54
54023920,5402,Acrylic filament yarn,18,,,,,CHAPTER-54
54023990,5402,Other,18,,,,,CHAPTER-54
54024400,5402,Elastomeric,18,,,,,CHAPTER-54
54024500,5402,"Other, of nylon or other polyamides",18,,,,,CHAPTER-54
54024600,5402,"Other, of polyesters, partially oriented",18,,,,,CHAPTER-54
54024700,5402,"Other, of polyesters",18,,,,,CHAPTER-54
54024800,5402,"Other, of polypropylene",18,,,,,CHAPTER-54
54024900,5402,Other,18,,,,,CHAPTER-54
54025100,5402,Of nylon or other polyamides,18,,,,,CHAPTER-54
54025200,5402,Of polyesters,18,,,,,CHAPTER-54
54025300,5402,Of polypropylene,18,,,,,CHAPTER-54
54025910,5402,Polypropylene filament yarn,18,,,,,CHAPTER-54
54025990,5402,Other,18,,,,,CHAPTER-54
54026100,5402,Of nylon or other polyamides,18,,,,,CHAPTER-54
54026200,5402,Of polyesters,18,,,,,CHAPTER-54
54026300,5402,Polyvinyl acetate filament yarn,18,,,,,CHAPTER-54
54026910,5402,Polyvinyl chloride filament yarn,18,,,,,CHAPTER-54
54026920,5402,Polypropylene filament yarn,18,,,,,CHAPTER-54
54026930,5402,Polypropylene filament yarn,18,,,,,CHAPTER-54
54026940,5402,Acrylic filament yarn,18,,,,,CHAPTER-54
54026950,5402,Polytetrafluoroethylene yarn,18,,,,,CHAPTER-54
54026990,5402,Other,18,,,,,CHAPTER-54
54031010,5403,"Viscose rayon tyre yarn – 1,233 decitex",18,,,,,CHAPTER-54
54031020,5403,"Viscose rayon tyre yarn – 1,833 decitex",18,,,,,CHAPTER-54
54031090,5403,Other,18,,,,,CHAPTER-54
54033100,5403,"Of viscose rayon, untwisted or with a twist not exceeding 120 turns per metre",18,,,,,CHAPTER-54
54033200,5403,"Of viscose rayon, with a twist exceeding 120 turns per metre",18,,,,,CHAPTER-54
54033300,5403,Of cellulose acetate,18,,,,,CHAPTER-54
54033910,5403,Cuprammonium rayon,18,,,,,CHAPTER-54
54033990,5403,Other,18,,,,,CHAPTER-54
54034110,5403,Up to 67 decitex,18,,,,,CHAPTER-54
54034120,5403,Of 83 decitex,18,,,,,CHAPTER-54
54034130,5403,"Of 111 decitex, bright",18,,,,,CHAPTER-54
54034140,5403,"Of 111 decitex, dull",18,,,,,CHAPTER-54
54034150,5403,"Of 133 decitex, bright",18,,,,,CHAPTER-54
54034160,5403,"Of 133 decitex, dull",18,,,,,CHAPTER-54
54034170,5403,"Of 167 decitex, bright",18,,,,,CHAPTER-54
54034180,5403,"Of 167 decitex, dull",18,,,,,CHAPTER-54
54034190,5403,Other,18,,,,,CHAPTER-54
54034210,5403,"Acetate rayon filament yarn, 83 decitex",18,,,,,CHAPTER-54
54034220,5403,"Acetate rayon filament yarn, 111 decitex",18,,,,,CHAPTER-54
54034230,5403,"Acetate rayon filament yarn, 133 decitex",18,,,,,CHAPTER-54
54034240,5403,"Acetate rayon filament yarn, 167 decitex",18,,,,,CHAPTER-54
54034250,5403,"Acetate rayon filament yarn, 333 decitex",18,,,,,CHAPTER-54
54034290,5403,Other,18,,,,,CHAPTER-54
54034911,5403,Of 33 decitex,18,,,,,CHAPTER-54
54034912,5403,Of 44 decitex,18,,,,,CHAPTER-54
54034913,5403,Of 67 decitex,18,,,,,CHAPTER-54
54034914,5403,Of 83 decitex,18,,,,,CHAPTER-54
54034915,5403,Of 89 decitex,18,,,,,CHAPTER-54
54034919,5403,Other,18,,,,,CHAPTER-54
54034990,5403,Other,18,,,,,CHAPTER-54
54041100,5404,Elastomeric,18,"The word ""yarn"" has been inserted in GST schedule Whereas the same is not mentioned in the HSN",,,,CHAPTER-54
54041200,5404,"Other, of polypropylene",18,,,,,CHAPTER-54
54041910,5404,"Catgut imitation of synthetic yarn, non-sterile",18,,,,,CHAPTER-54
54041920,5404,Strip and the like of synthetic fibre material,18,,,,,CHAPTER-54
54041990,5404,Other,18,,,,,CHAPTER-54
54049010,5404,"Catgut imitation of synthetic yarn, non-sterile",18,,,,,CHAPTER-54
54049020,5404,Strip and the like of synthetic fibre material,18,,,,,CHAPTER-54
54049090,5404,Other,18,,,,,CHAPTER-54
54050000,5405,"ARTIFICIAL MONOFILAMENT OF 67 DECITEX OR MORE AND OF WHICH NO CROSS- SECTIONAL DIMENSION EXCEEDS 1 MM; STRIP AND THE LIKE (FOR EXAMPLE, ARTIFICIAL STRAW) OF ARTIFICIAL TEXTILE MATERIALS OF AN APPARENT WIDTH NOT EXCEEDING 5 MM",,"The word ""yarn"" has been inserted in GST schedule Whereas the same is not mentioned in the HSN",,,,CHAPTER-54
54060010,5406,Synthetic filament yarn,18,,,,,CHAPTER-54
54060020,5406,Artificial filament yarn,18,,,,,CHAPTER-54
54071011,5407,Parachute fabrics,5,,,,,CHAPTER-54
54071012,5407,Tent fabrics,5,,,,,CHAPTER-54
54071013,5407,Nylon furnishing fabrics,5,,,,,CHAPTER-54
54071014,5407,Umbrella cloth panel fabrics,5,,,,,CHAPTER-54
54071015,5407,Other nylon and polyamide fabrics(filament),5,,,,,CHAPTER-54
54071016,5407,Polyester suitings,5,,,,,CHAPTER-54
54071019,5407,Other polyester fabrics,5,,,,,CHAPTER-54
54071021,5407,Parachute fabrics,5,,,,,CHAPTER-54
54071022,5407,Tent fabrics,5,,,,,CHAPTER-54
54071023,5407,Nylon furnishing fabrics,5,,,,,CHAPTER-54
54071024,5407,Umbrella cloth panel fabrics,5,,,,,CHAPTER-54
54071025,5407,Other nylon and polyamide fabrics of filament yarn,5,,,,,CHAPTER-54
54071026,5407,Polyester suitings,5,,,,,CHAPTER-54
54071029,5407,Other,5,,,,,CHAPTER-54
54071031,5407,Parachute fabrics,5,,,,,CHAPTER-54
54071032,5407,Tent fabrics,5,,,,,CHAPTER-54
54071033,5407,Nylon furnishing fabrics,5,,,,,CHAPTER-54
54071034,5407,Umbrella cloth panel fabrics,5,,,,,CHAPTER-54
54071035,5407,Other nylon and polyamide fabrics (filament),5,,,,,CHAPTER-54
54071036,5407,Polyester suitings,5,,,,,CHAPTER-54
54071039,5407,Other,5,,,,,CHAPTER-54
54071041,5407,Parachute fabrics,5,,,,,CHAPTER-54
54071042,5407,Tent fabrics,5,,,,,CHAPTER-54
54071043,5407,Nylon furnishing fabrics,5,,,,,CHAPTER-54
54071044,5407,Umbrella cloth panel fabrics,5,,,,,CHAPTER-54
54071045,5407,Other nylon and polyamide fabrics (filament),5,,,,,CHAPTER-54
54071046,5407,Polyester suitings,5,,,,,CHAPTER-54
54071049,5407,Other,5,,,,,CHAPTER-54
54071091,5407,Parachute fabrics,5,,,,,CHAPTER-54
54071092,5407,Tent fabrics,5,,,,,CHAPTER-54
54071093,5407,Nylon furnishing fabrics,5,,,,,CHAPTER-54
54071094,5407,Umbrella cloth panel fabrics,5,,,,,CHAPTER-54
54071095,5407,Other nylon and polyamide fabrics filament,5,,,,,CHAPTER-54
54071096,5407,Polyester suitings,5,,,,,CHAPTER-54
54071099,5407,Other,5,,,,,CHAPTER-54
54072010,5407,Unbleached,5,,,,,CHAPTER-54
54072020,5407,Bleached,5,,,,,CHAPTER-54
54072030,5407,Dyed,5,,,,,CHAPTER-54
54072040,5407,Printed,5,,,,,CHAPTER-54
54072090,5407,Other,5,,,,,CHAPTER-54
54073010,5407,Unbleached,5,,,,,CHAPTER-54
54073020,5407,Bleached,5,,,,,CHAPTER-54
54073030,5407,Dyed,5,,,,,CHAPTER-54
54073040,5407,Printed,5,,,,,CHAPTER-54
54073090,5407,Other,5,,,,,CHAPTER-54
54074111,5407,Nylon brasso,5,,,,,CHAPTER-54
54074112,5407,Nylon georgette,5,,,,,CHAPTER-54
54074113,5407,Nylon tafetta,5,,,,,CHAPTER-54
54074114,5407,Nylon sarees,5,,,,,CHAPTER-54
54074119,5407,Other,5,,,,,CHAPTER-54
54074121,5407,Nylon brasso,5,,,,,CHAPTER-54
54074122,5407,Nylon georgette,5,,,,,CHAPTER-54
54074123,5407,Nylon tafetta,5,,,,,CHAPTER-54
54074124,5407,Nylon sarees,5,,,,,CHAPTER-54
54074129,5407,Other,5,,,,,CHAPTER-54
54074210,5407,Nylon brasso,5,,,,,CHAPTER-54
54074220,5407,Nylon georgette,5,,,,,CHAPTER-54
54074230,5407,Nylon tafetta,5,,,,,CHAPTER-54
54074240,5407,Nylon sarees,5,,,,,CHAPTER-54
54074290,5407,Other,5,,,,,CHAPTER-54
54074300,5407,Of yarn of different colours,5,,,,,CHAPTER-54
54074410,5407,Nylon brasso,5,,,,,CHAPTER-54
54074420,5407,Nylon georgette,5,,,,,CHAPTER-54
54074430,5407,Nylon tafetta,5,,,,,CHAPTER-54
54074440,5407,Nylon sarees,5,,,,,CHAPTER-54
54074490,5407,Other,5,,,,,CHAPTER-54
54075111,5407,Polyester shirtings,5,,,,,CHAPTER-54
54075119,5407,Other,5,,,,,CHAPTER-54
54075121,5407,Polyester shirtings,5,,,,,CHAPTER-54
54075129,5407,Other,5,,,,,CHAPTER-54
54075210,5407,Polyester shirtings,5,,,,,CHAPTER-54
54075220,5407,Polyester suitings,5,,,,,CHAPTER-54
54075230,5407,Terylene and dacron sarees,5,,,,,CHAPTER-54
54075240,5407,Polyester sarees,5,,,,,CHAPTER-54
54075290,5407,Other,5,,,,,CHAPTER-54
54075300,5407,Of yarns of different colours,5,,,,,CHAPTER-54
54075410,5407,Terylene and dacron sarees,5,,,,,CHAPTER-54
54075420,5407,Polyester shirtings,5,,,,,CHAPTER-54
54075430,5407,Polyester sarees,5,,,,,CHAPTER-54
54075490,5407,Other,5,,,,,CHAPTER-54
54076110,5407,Polyester shirtings,5,,,,,CHAPTER-54
54076120,5407,Polyester suitings,5,,,,,CHAPTER-54
54076190,5407,Other,5,,,,,CHAPTER-54
54076900,5407,Other,5,,,,,CHAPTER-54
54077110,5407,Unbleached,5,,,,,CHAPTER-54
54077120,5407,Bleached,5,,,,,CHAPTER-54
54077200,5407,Dyed,5,,,,,CHAPTER-54
54077300,5407,Of yarns of different colours,5,,,,,CHAPTER-54
54077400,5407,Printed,5,,,,,CHAPTER-54
54078111,5407,Nylon georgette,5,,,,,CHAPTER-54
54078112,5407,Nylon sarees,5,,,,,CHAPTER-54
54078113,5407,Polyester shirtings,5,,,,,CHAPTER-54
54078114,5407,Polyester suitings,5,,,,,CHAPTER-54
54078115,5407,Terylene and dacron sarees,5,,,,,CHAPTER-54
54078116,5407,Polyester dhoti,5,,,,,CHAPTER-54
54078119,5407,Other,5,,,,,CHAPTER-54
54078121,5407,Nylon georgette,5,,,,,CHAPTER-54
54078122,5407,Nylon sarees,5,,,,,CHAPTER-54
54078123,5407,Polyester shirtings,5,,,,,CHAPTER-54
54078124,5407,Polyester suitings,5,,,,,CHAPTER-54
54078125,5407,Terylene and dacron sarees,5,,,,,CHAPTER-54
54078126,5407,Polyester dhoti,5,,,,,CHAPTER-54
54078129,5407,Other,5,,,,,CHAPTER-54
54078210,5407,Nylon georgette,5,,,,,CHAPTER-54
54078220,5407,Nylon sarees,5,,,,,CHAPTER-54
54078230,5407,Polyester shirtings,5,,,,,CHAPTER-54
54078240,5407,Polyester suitings,5,,,,,CHAPTER-54
54078250,5407,Terylene and dacron sarees,5,,,,,CHAPTER-54
54078260,5407,Lungies,5,,,,,CHAPTER-54
54078290,5407,Other,5,,,,,CHAPTER-54
54078300,5407,Of yarns of different colours,5,,,,,CHAPTER-54
54078410,5407,Nylon georgette,5,,,,,CHAPTER-54
54078420,5407,Nylon sarees,5,,,,,CHAPTER-54
54078430,5407,Polyester shirtings,5,,,,,CHAPTER-54
54078440,5407,Polyester suitings,5,,,,,CHAPTER-54
54078450,5407,Terylene and dacron sarees,5,,,,,CHAPTER-54
54078460,5407,Lungies,5,,,,,CHAPTER-54
54078470,5407,Polyester sarees,5,,,,,CHAPTER-54
54078490,5407,Other,5,,,,,CHAPTER-54
54079110,5407,Unbleached,5,,,,,CHAPTER-54
54079120,5407,Bleached,5,,,,,CHAPTER-54
54079200,5407,Dyed,5,,,,,CHAPTER-54
54079300,5407,Of yarns of different colours,5,,,,,CHAPTER-54
54079400,5407,Printed,5,,,,,CHAPTER-54
54081000,5408,Woven fabrics obtained from high tenacity m^2 yarn of viscose rayon,5,,,,,CHAPTER-54
54082110,5408,Unbleached,5,,,,,CHAPTER-54
54082120,5408,Bleached,5,,,,,CHAPTER-54
54082211,5408,Rayon crepe fabrics,5,,,,,CHAPTER-54
54082212,5408,Rayon jacquards,5,,,,,CHAPTER-54
54082213,5408,Rayon brocades,5,,,,,CHAPTER-54
54082214,5408,Rayon georgette,5,,,,,CHAPTER-54
54082215,5408,Rayon tafetta,5,,,,,CHAPTER-54
54082216,5408,Rayon suitings,5,,,,,CHAPTER-54
54082217,5408,Rayon shirtings,5,,,,,CHAPTER-54
54082218,5408,Rayon sarees,5,,,,,CHAPTER-54
54082219,5408,Other,5,,,,,CHAPTER-54
54082220,5408,"Fabrics of continuous filament, other than rayon",5,,,,,CHAPTER-54
54082290,5408,Other than rayon,5,,,,,CHAPTER-54
54082300,5408,Of yarns of different colours than rayon,5,,,,,CHAPTER-54
54082411,5408,Rayon crepe fabrics,5,,,,,CHAPTER-54
54082412,5408,Rayon jacquards,5,,,,,CHAPTER-54
54082413,5408,Rayon brocades,5,,,,,CHAPTER-54
54082414,5408,Rayon georgette,5,,,,,CHAPTER-54
54082415,5408,Rayon tafetta,5,,,,,CHAPTER-54
54082416,5408,Rayon suitings,5,,,,,CHAPTER-54
54082417,5408,Rayon shirtings,5,,,,,CHAPTER-54
54082418,5408,Rayon sarees,5,,,,,CHAPTER-54
54082419,5408,Other,5,,,,,CHAPTER-54
54082490,5408,Other,5,,,,,CHAPTER-54
54083110,5408,Unbleached,5,,,,,CHAPTER-54
54083120,5408,Bleached,5,,,,,CHAPTER-54
54083211,5408,Rayon brocades,5,,,,,CHAPTER-54
54083212,5408,Rayon georgette,5,,,,,CHAPTER-54
54083213,5408,Rayon tafetta,5,,,,,CHAPTER-54
54083214,5408,Rayon suitings,5,,,,,CHAPTER-54
54083215,5408,Rayon shirtings,5,,,,,CHAPTER-54
54083219,5408,Other,5,,,,,CHAPTER-54
54083290,5408,Other,5,,,,,CHAPTER-54
54083300,5408,Of yarns of different colours,5,,,,,CHAPTER-54
54083411,5408,Rayon crepe fabrics,5,,,,,CHAPTER-54
54083412,5408,Rayon jacquards,5,,,,,CHAPTER-54
54083413,5408,Rayon brocades,5,,,,,CHAPTER-54
54083414,5408,Rayon georgette,5,,,,,CHAPTER-54
54083415,5408,Rayon tafetta,5,,,,,CHAPTER-54
54083416,5408,Rayon suitings,5,,,,,CHAPTER-54
54083417,5408,Rayon shirtings,5,,,,,CHAPTER-54
54083418,5408,Rayon sarees,5,,,,,CHAPTER-54
54083419,5408,Other,5,,,,,CHAPTER-54
54083420,5408,"Fabrics of continuous filament, other than rayon",5,,,,,CHAPTER-54
54083490,5408,Other,5,,,,,CHAPTER-54
55011000,5501,Of nylon or other polyamides,18,,,,,CHAPTER-55
55012000,5501,Of polyesters,18,,,,,CHAPTER-55
55013000,5501,Acrylic or modacrylic,18,,,,,CHAPTER-55
55014000,5501,Of polypropylene,18,,,,,CHAPTER-55
55019010,5501,Of polypropylene,18,,,,,CHAPTER-55
55019090,5501,Other,18,,,,,CHAPTER-55
55021010,5502,Viscose rayon tow,18,,,,,CHAPTER-55
55021090,5502,Other,18,,,,,CHAPTER-55
55029010,5502,Viscose rayon tow,18,,,,,CHAPTER-55
55029090,5502,Other,18,,,,,CHAPTER-55
55031100,5503,Of aramids,18,,,,,CHAPTER-55
55031900,5503,Other,18,,,,,CHAPTER-55
55032000,5503,Of polyesters,18,,,,,CHAPTER-55
55033000,5503,Acrylic or modacrylic,18,,,,,CHAPTER-55
55034000,5503,Of polypropylene,18,,,,,CHAPTER-55
55039010,5503,Polyvinyl staple fibre,18,,,,,CHAPTER-55
55039020,5503,Polyvinyl chloride staple,18,,,,,CHAPTER-55
55039090,5503,Other,18,,,,,CHAPTER-55
55041000,5504,Of viscose rayon,18,,,,,CHAPTER-55
55049010,5504,Acetate rayon staple fibre,18,,,,,CHAPTER-55
55049020,5504,Polynosic staple fibre,18,,,,,CHAPTER-55
55049030,5504,High wet modulus staple,18,,,,,CHAPTER-55
55049090,5504,Other,18,,,,,CHAPTER-55
55051010,5505,Of acrylic,18,,,,,CHAPTER-55
55051090,5505,Other,18,,,,,CHAPTER-55
55052000,5505,Of artificial fibres,18,,,,,CHAPTER-55
55061000,5506,Of nylon or other polyamides,18,,,,,CHAPTER-55
55062000,5506,Of polyesters,18,,,,,CHAPTER-55
55063000,5506,Acrylic or modacrylic,18,,,,,CHAPTER-55
55064000,5506,Of polypropylene,18,,,,,CHAPTER-55
55069010,5506,Polypropylene tops,18,,,,,CHAPTER-55
55069090,5506,Other,18,,,,,CHAPTER-55
55070010,5507,Acetate rayon tops,18,,,,,CHAPTER-55
55070020,5507,Viscose tops,18,,,,,CHAPTER-55
55070030,5507,Polynosic tops,18,,,,,CHAPTER-55
55070040,5507,High wet modulus tops,18,,,,,CHAPTER-55
55070090,5507,Other,18,,,,,CHAPTER-55
55081000,5508,Of synthetic staple fibres,18,,,,,CHAPTER-55
55082000,5508,Of artificial staple fibres,18,,,,,CHAPTER-55
55091100,5509,Single yarn,18,,,,,CHAPTER-55
55091200,5509,Multiple (folded) or cabled yarn,18,,,,,CHAPTER-55
55092100,5509,Single yarn,18,,,,,CHAPTER-55
55092200,5509,Multiple (folded) or cabled yarn,18,,,,,CHAPTER-55
55093100,5509,Single yarn,18,,,,,CHAPTER-55
55093200,5509,Multiple (folded) or cabled yarn,18,,,,,CHAPTER-55
55094110,5509,Polypropylene spun yarn,18,,,,,CHAPTER-55
55094120,5509,Polyvinyl acetate spun yarn,18,,,,,CHAPTER-55
55094130,5509,Polyvinyl chloride spun yarn,18,,,,,CHAPTER-55
55094190,5509,Other,18,,,,,CHAPTER-55
55094210,5509,Polypropylene spun yarn,18,,,,,CHAPTER-55
55094220,5509,Polyvinyl acetate (PVA) spun yarn,18,,,,,CHAPTER-55
55094230,5509,Polyvinyl chloride (PVC) spun yarn,18,,,,,CHAPTER-55
55094290,5509,Other,18,,,,,CHAPTER-55
55095100,5509,Mixed mainly or solely with artificial staple fibres,18,,,,,CHAPTER-55
55095200,5509,Mixed mainly or solely with wool or fine animal hair,18,,,,,CHAPTER-55
55095300,5509,Mixed mainly or solely with cotton,18,,,,,CHAPTER-55
55095900,5509,Other,18,,,,,CHAPTER-55
55096100,5509,Mixed mainly or solely with wool or fine animal hair,18,,,,,CHAPTER-55
55096200,5509,Mixed mainly or solely with cotton,18,,,,,CHAPTER-55
55096900,5509,Other,18,,,,,CHAPTER-55
55099100,5509,Mixed mainly or solely with wool or fine animal hair,18,,,,,CHAPTER-55
55099200,5509,Mixed mainly or solely with cotton,18,,,,,CHAPTER-55
55099900,5509,Other,18,,,,,CHAPTER-55
55101110,5510,Viscose rayon spun yarn,18,,,,,CHAPTER-55
55101120,5510,Acetate rayon spun yarn,18,,,,,CHAPTER-55
55101190,5510,Other,18,,,,,CHAPTER-55
55101210,5510,Viscose rayon spun yarn,18,,,,,CHAPTER-55
55101220,5510,Acetate rayon spun yarn,18,,,,,CHAPTER-55
55101290,5510,Other,18,,,,,CHAPTER-55
55102010,5510,Viscose rayon spun yarn,18,,,,,CHAPTER-55
55102020,5510,Acetate rayon spun yarn,18,,,,,CHAPTER-55
55102090,5510,Other,18,,,,,CHAPTER-55
55103010,5510,Viscose rayon spun yarn,18,,,,,CHAPTER-55
55103020,5510,Acetate rayon spun yarn,18,,,,,CHAPTER-55
55103090,5510,Other,18,,,,,CHAPTER-55
55109010,5510,Viscose rayon spun yarn,18,,,,,CHAPTER-55
55109020,5510,Acetate rayon spun yarn,18,,,,,CHAPTER-55
55109090,5510,Other,18,,,,,CHAPTER-55
55111000,5511,"Of synthetic staple fibres, containing 85% or more by weight of such fibres",18,,,,,CHAPTER-55
55112000,5511,Of synthetic staple fibres containing less than 85% by weight of such fibres,18,,,,,CHAPTER-55
55113010,5511,Containing more than 85% by weight of staple fibre,18,,,,,CHAPTER-55
55113090,5511,Other,18,,,,,CHAPTER-55
55121110,5512,Unbleached,5,,,,,CHAPTER-55
55121120,5512,Bleached,5,,,,,CHAPTER-55
55121910,5512,Dyed,5,,,,,CHAPTER-55
55121920,5512,Printed,5,,,,,CHAPTER-55
55121990,5512,Other,5,,,,,CHAPTER-55
55122110,5512,Unbleached,5,,,,,CHAPTER-55
55122120,5512,Bleached,5,,,,,CHAPTER-55
55122910,5512,Dyed,5,,,,,CHAPTER-55
55122920,5512,Printed,5,,,,,CHAPTER-55
55122990,5512,Other,5,,,,,CHAPTER-55
55129110,5512,Unbleached,5,,,,,CHAPTER-55
55129120,5512,Bleached,5,,,,,CHAPTER-55
55129910,5512,Dyed,5,,,,,CHAPTER-55
55129920,5512,Printed,5,,,,,CHAPTER-55
55129990,5512,Other,5,,,,,CHAPTER-55
55131110,5513,Unbleached,5,,,,,CHAPTER-55
55131120,5513,Bleached,5,,,,,CHAPTER-55
55131210,5513,Unbleached,5,,,,,CHAPTER-55
55131220,5513,Bleached,5,,,,,CHAPTER-55
55131310,5513,Unbleached,5,,,,,CHAPTER-55
55131320,5513,Bleached,5,,,,,CHAPTER-55
55131910,5513,Unbleached,5,,,,,CHAPTER-55
55131920,5513,Bleached,5,,,,,CHAPTER-55
55132100,5513,"Of polyester staple fibres, plain weave",5,,,,,CHAPTER-55
55132300,5513,Other woven fabrics of polyester staple fibres,5,,,,,CHAPTER-55
55132900,5513,Other woven fabrics,5,,,,,CHAPTER-55
55133100,5513,"Of polyester staple fibres, plain weave",5,,,,,CHAPTER-55
55133900,5513,Other woven fabrics,5,,,,,CHAPTER-55
55134100,5513,"Of polyester staple fibres, plain weave",5,,,,,CHAPTER-55
55134900,5513,Other woven fabrics,5,,,,,CHAPTER-55
55141110,5514,Unbleached,5,,,,,CHAPTER-55
55141120,5514,Bleached,5,,,,,CHAPTER-55
55141210,5514,Unbleached,5,,,,,CHAPTER-55
55141220,5514,Bleached,5,,,,,CHAPTER-55
55141910,5514,Unbleached,5,,,,,CHAPTER-55
55141920,5514,Bleached,5,,,,,CHAPTER-55
55142100,5514,"Of polyester staple fibres, plain weave",5,,,,,CHAPTER-55
55142200,5514,"3-thread or 4-thread twill, including cross twill, of polyester staple fibres",5,,,,,CHAPTER-55
55142300,5514,Other woven fabrics of polyester staple fibres,5,,,,,CHAPTER-55
55142900,5514,Other woven fabrics,5,,,,,CHAPTER-55
55143011,5514,"Of polyester staple fibres, plain weave",5,,,,,CHAPTER-55
55143012,5514,"3-thread or 4-thread twill, including cross twill, of polyester staple fibres",5,,,,,CHAPTER-55
55143013,5514,Other woven fabrics of polyester staple fibres,5,,,,,CHAPTER-55
55143019,5514,Other woven fabrics,5,,,,,CHAPTER-55
55144100,5514,"Of polyester staple fibres, plain weave",5,,,,,CHAPTER-55
55144200,5514,"3-thread or 4-thread twill, including cross twill, of polyester staple fibres",5,,,,,CHAPTER-55
55144300,5514,Other woven fabrics of polyester staple fibres,5,,,,,CHAPTER-55
55144900,5514,Other woven fabrics,5,,,,,CHAPTER-55
55151110,5515,Unbleached,5,,,,,CHAPTER-55
55151120,5515,Bleached,5,,,,,CHAPTER-55
55151130,5515,Dyed,5,,,,,CHAPTER-55
55151140,5515,Printed,5,,,,,CHAPTER-55
55151190,5515,Other,5,,,,,CHAPTER-55
55151210,5515,Unbleached,5,,,,,CHAPTER-55
55151220,5515,Bleached,5,,,,,CHAPTER-55
55151230,5515,Dyed,5,,,,,CHAPTER-55
55151240,5515,Printed,5,,,,,CHAPTER-55
55151290,5515,Other,5,,,,,CHAPTER-55
55151310,5515,Unbleached,5,,,,,CHAPTER-55
55151320,5515,Bleached,5,,,,,CHAPTER-55
55151330,5515,Dyed,5,,,,,CHAPTER-55
55151340,5515,Printed,5,,,,,CHAPTER-55
55151390,5515,Other,5,,,,,CHAPTER-55
55151910,5515,Unbleached,5,,,,,CHAPTER-55
55151920,5515,Bleached,5,,,,,CHAPTER-55
55151930,5515,Dyed,5,,,,,CHAPTER-55
55151940,5515,Printed,5,,,,,CHAPTER-55
55151990,5515,Other,5,,,,,CHAPTER-55
55152110,5515,Unbleached,5,,,,,CHAPTER-55
55152120,5515,Bleached,5,,,,,CHAPTER-55
55152130,5515,Dyed,5,,,,,CHAPTER-55
55152140,5515,Printed,5,,,,,CHAPTER-55
55152190,5515,Other,5,,,,,CHAPTER-55
55152210,5515,Unbleached,5,,,,,CHAPTER-55
55152220,5515,Bleached,5,,,,,CHAPTER-55
55152230,5515,Dyed,5,,,,,CHAPTER-55
55152240,5515,Printed,5,,,,,CHAPTER-55
55152290,5515,Other,5,,,,,CHAPTER-55
55152910,5515,Unbleached,5,,,,,CHAPTER-55
55152920,5515,Bleached,5,,,,,CHAPTER-55
55152930,5515,Dyed,5,,,,,CHAPTER-55
55152940,5515,Printed,5,,,,,CHAPTER-55
55152990,5515,Other,5,,,,,CHAPTER-55
55159110,5515,Unbleached,5,,,,,CHAPTER-55
55159120,5515,Bleached,5,,,,,CHAPTER-55
55159130,5515,Dyed,5,,,,,CHAPTER-55
55159140,5515,Printed,5,,,,,CHAPTER-55
55159190,5515,Other,5,,,,,CHAPTER-55
55159910,5515,Unbleached,5,,,,,CHAPTER-55
55159920,5515,Bleached,5,,,,,CHAPTER-55
55159930,5515,Dyed,5,,,,,CHAPTER-55
55159940,5515,Printed,5,,,,,CHAPTER-55
55159990,5515,Other,5,,,,,CHAPTER-55
55161110,5516,Unbleached,5,,,,,CHAPTER-55
55161120,5516,Bleached,5,,,,,CHAPTER-55
55161200,5516,Dyed,5,,,,,CHAPTER-55
55161300,5516,Of yarns of different colours,5,,,,,CHAPTER-55
55161410,5516,Spun rayon printed shantung,5,,,,,CHAPTER-55
55161420,5516,Spun rayon printed linen,5,,,,,CHAPTER-55
55161490,5516,Other,5,,,,,CHAPTER-55
55162110,5516,Unbleached,5,,,,,CHAPTER-55
55162120,5516,Bleached,5,,,,,CHAPTER-55
55162200,5516,Dyed,5,,,,,CHAPTER-55
55162300,5516,Of yarns of different colours,5,,,,,CHAPTER-55
55162400,5516,Printed,5,,,,,CHAPTER-55
55163110,5516,Unbleached,5,,,,,CHAPTER-55
55163120,5516,Bleached,5,,,,,CHAPTER-55
55163200,5516,Dyed,5,,,,,CHAPTER-55
55163300,5516,Of yarns of different colours,5,,,,,CHAPTER-55
55163400,5516,Printed,5,,,,,CHAPTER-55
55164110,5516,Unbleached,5,,,,,CHAPTER-55
55164120,5516,Bleached,5,,,,,CHAPTER-55
55164200,5516,Dyed,5,,,,,CHAPTER-55
55164300,5516,Of yarns of different colours,5,,,,,CHAPTER-55
55164400,5516,Printed,5,,,,,CHAPTER-55
55169110,5516,Unbleached,5,,,,,CHAPTER-55
55169120,5516,Bleached,5,,,,,CHAPTER-55
55169200,5516,Dyed,5,,,,,CHAPTER-55
55169300,5516,Of yarns of different colours,5,,,,,CHAPTER-55
55169400,5516,Printed,5,,,,,CHAPTER-55
56012110,5601,Absorbent cotton wool,12,,,,,CHAPTER-56
56012190,5601,Other,12,,,,,CHAPTER-56
56012200,5601,Of man-made fibres,12,,,,,CHAPTER-56
56012900,5601,Other,12,,,,,CHAPTER-56
56013000,5601,Textile flock and dust and mill neps,12,,,,,CHAPTER-56
56021000,5602,Needleloom felt and stitch- bonded fibre fabrics,12,,,,,CHAPTER-56
56022100,5602,Of wool or fine animal hair,12,,,,,CHAPTER-56
56022910,5602,For machines other than cotton machinery,12,,,,,CHAPTER-56
56022920,5602,"Of jute (including blended or union jute), other than for machinery",12,,,,,CHAPTER-56
56022990,5602,Other,12,,,,,CHAPTER-56
56029010,5602,"Of Rubberised coir, needled felt",12,,,,,CHAPTER-56
56029090,5602,Other,12,,,,,CHAPTER-56
56031100,5603,Weighing not more than 25 g/m^2,12,,,,,CHAPTER-56
56031200,5603,Weighing more than 25 g/m^2 but not more than 70 g/m^2,12,,,,,CHAPTER-56
56031300,5603,Weighing more than 70 g/m^2 but not more than 150 g/m^2,12,,,,,CHAPTER-56
56031400,5603,Weighing more than 150 g/m^2,12,,,,,CHAPTER-56
56039100,5603,Weighing not more than 25 g/m^2,12,,,,,CHAPTER-56
56039200,5603,Weighing more than 25 g/m^2 but not more than 70 g/m^2,12,,,,,CHAPTER-56
56039300,5603,Weighing more than 70 g/m^2 but not more than 150 g/m^2,12,,,,,CHAPTER-56
56039400,5603,Weighing more than 150 g/m^2,12,,,,,CHAPTER-56
56041000,5604,"Rubber thread and cord, textile covered",12,,,,,CHAPTER-56
56049000,5604,Other,12,,,,,CHAPTER-56
56050010,5605,Real zari thread (gold) and silver thread combined with textile thread,12,,,,,CHAPTER-56
56050020,5605,Imitation zari thread,12,,,,,CHAPTER-56
56050090,5605,Other,12,,,,,CHAPTER-56
56060010,5606,"Trimmings, of cotton",12,,,,,CHAPTER-56
56060020,5606,"Trimmings, of man-made fibres",12,,,,,CHAPTER-56
56060030,5606,"Trimmings, of zari",12,,,,,CHAPTER-56
56060090,5606,Other,12,,,,,CHAPTER-56
56072100,5607,Binder or baler twine,12,,,,,CHAPTER-56
56072900,5607,Other,12,,,,,CHAPTER-56
56074100,5607,Binder or baler twine,12,,,,,CHAPTER-56
56074900,5607,Other,12,,,,,CHAPTER-56
56075010,5607,Nylon fish net twine,12,,,,,CHAPTER-56
56075020,5607,Nylon tyre cord,12,,,,,CHAPTER-56
56075030,5607,Viscose tyre cord,12,,,,,CHAPTER-56
56075040,5607,Nylon rope,12,,,,,CHAPTER-56
56075090,5607,Other,12,,,,,CHAPTER-56
56079010,5607,"Coir, cordage and ropes, other than of cotton",12,,,,,CHAPTER-56
56079020,5607,"Cordage, cable, ropes and twine, of cotton",12,,,,,CHAPTER-56
56079090,5607,Other,12,,,,,CHAPTER-56
56081110,5608,Made up fishing nets of nylon,12,,,,,CHAPTER-56
56081190,5608,Other,12,,,,,CHAPTER-56
56081900,5608,Other,12,,,,,CHAPTER-56
56089010,5608,Of cotton,12,,,,,CHAPTER-56
56089020,5608,Of jute,12,,,,,CHAPTER-56
56089090,5608,Other,12,,,,,CHAPTER-56
56090010,5609,Products of coir,12,,,,,CHAPTER-56
56090020,5609,Articles made up of cotton yarn,12,,,,,CHAPTER-56
56090030,5609,Articles made up of jute,12,,,,,CHAPTER-56
56090090,5609,Other,12,,,,,CHAPTER-56
57011000,5701,Of wool or fine animal hair,12,"GST rate on coir mates, matting and floor covering is nill",,,,CHAPTER-57
57019010,5701,Of cotton,12,,,,,CHAPTER-57
57019020,5701,Of coir including geo textile,12,,,,,CHAPTER-57
57019090,5701,Other,12,,,,,CHAPTER-57
57021000,5702,"“Kelem”, “Schumacks”, “Karamanie” and similar hand-woven rugs",12,,,,,CHAPTER-57
57022010,5702,"Coir matting, woven",12,,,,,CHAPTER-57
57022020,5702,Coir carpets and other rugs,12,,,,,CHAPTER-57
57022090,5702,Other,12,,,,,CHAPTER-57
57023110,5702,Carpets,12,,,,,CHAPTER-57
57023120,5702,Druggets,12,,,,,CHAPTER-57
57023130,5702,Mats and matting,12,,,,,CHAPTER-57
57023140,5702,"Carpeting , floor rugs and the like",12,,,,,CHAPTER-57
57023190,5702,Other,12,,,,,CHAPTER-57
57023210,5702,"Carpets, carpeting and rugs and the like",12,,,,,CHAPTER-57
57023220,5702,Mats and matting,12,,,,,CHAPTER-57
57023290,5702,Other,12,,,,,CHAPTER-57
57023910,5702,Carpets and other floor coverings other than durries of cotton,12,,,,,CHAPTER-57
57023920,5702,"Carpets and other floor coverings, of silk",12,,,,,CHAPTER-57
57024110,5702,Carpets,12,,,,,CHAPTER-57
57024120,5702,Druggets,12,,,,,CHAPTER-57
57024130,5702,Mats and matting,12,,,,,CHAPTER-57
57024190,5702,Other,12,,,,,CHAPTER-57
57024210,5702,"Carpets, carpeting and rugs",12,,,,,CHAPTER-57
57024220,5702,Mats and mattings,12,,,,,CHAPTER-57
57024230,5702,"Carpets, rugs and mats of Handloom",12,,,,,CHAPTER-57
57024290,5702,Other,12,,,,,CHAPTER-57
57024910,5702,Carpets and other floor coverings other than durries of cotton,12,,,,,CHAPTER-57
57024920,5702,"Carpets and other floor coverings, of silk",12,,,,,CHAPTER-57
57024990,5702,Other,12,,,,,CHAPTER-57
57025021,5702,"Carpets, Carpeting and rugs",12,,,,,CHAPTER-57
57025022,5702,Mats and matting,12,,,,,CHAPTER-57
57025029,5702,Other,12,,,,,CHAPTER-57
57025031,5702,"Carpets and other floor coverings, of cotton other than durries",12,,,,,CHAPTER-57
57025032,5702,"Carpets and other floor coverings, of silk",12,,,,,CHAPTER-57
57025033,5702,Place mat and other similar goods,12,,,,,CHAPTER-57
57025039,5702,Other,12,,,,,CHAPTER-57
57029110,5702,Carpets,12,,,,,CHAPTER-57
57029120,5702,Druggets,12,,,,,CHAPTER-57
57029130,5702,Mats and matting,12,,,,,CHAPTER-57
57029190,5702,Other,12,,,,,CHAPTER-57
57029210,5702,"Carpets, carpeting and rugs",12,,,,,CHAPTER-57
57029220,5702,Mats and mattings,12,,,,,CHAPTER-57
57029290,5702,Other,12,,,,,CHAPTER-57
57029910,5702,"Carpets and other floor coverings, of cotton other than durries",12,,,,,CHAPTER-57
57029920,5702,"Carpets and other floor coverings, of silk",12,,,,,CHAPTER-57
57029990,5702,Other,12,,,,,CHAPTER-57
57031010,5703,Carpets,12,,,,,CHAPTER-57
57031020,5703,Mats and matting,12,,,,,CHAPTER-57
57031090,5703,Other,12,,,,,CHAPTER-57
57032010,5703,"Carpets, carpeting and rugs",12,,,,,CHAPTER-57
57032020,5703,"100% polyamide tufted velour, or cut pile loop pile carpet mats with jute, rubber latex or PU foam backing",12,,,,,CHAPTER-57
57032090,5703,Other,12,,,,,CHAPTER-57
57033010,5703,"Carpets, carpeting and rugs",12,,,,,CHAPTER-57
57033020,5703,"100% polypropylene carpet mats with jute, rubber, latex or PU foam backing",12,,,,,CHAPTER-57
57033090,5703,Other,12,,,,,CHAPTER-57
57039010,5703,"Carpets and other floor coverings, of cotton, other than durries",12,,,,,CHAPTER-57
57039020,5703,Carpets and floor coverings of Coir,12,,,,,CHAPTER-57
57039090,5703,Other,12,,,,,CHAPTER-57
57041000,5704,"Tiles, having a maximum surface area of 0.3 m^2",12,,,,,CHAPTER-57
57042010,5704,Cotton,12,,,,,CHAPTER-57
57042020,5704,"woollen, other than artware",12,,,,,CHAPTER-57
57042090,5704,Other,12,,,,,CHAPTER-57
57049010,5704,Cotton,12,,,,,CHAPTER-57
57049020,5704,"woollen, other than artware",12,,,,,CHAPTER-57
57049090,5704,Other,12,,,,,CHAPTER-57
57050011,5705,Of silk,12,,,,,CHAPTER-57
57050019,5705,Other,12,,,,,CHAPTER-57
57050021,5705,Durries cotton,12,,,,,CHAPTER-57
57050022,5705,Durries of man-made fibres,12,,,,,CHAPTER-57
57050023,5705,Durries of wool,12,,,,,CHAPTER-57
57050024,5705,"Cotton Durries of handloom (including Chindi Durries, Cotton Chenille Durries, Rag Rug Durrie, Printed Durries, Druggets)",12,,,,,CHAPTER-57
57050029,5705,Other,12,,,,,CHAPTER-57
57050031,5705,Of blended jute,12,,,,,CHAPTER-57
57050032,5705,Of coir jute,12,,,,,CHAPTER-57
57050039,5705,Other,12,,,,,CHAPTER-57
57050041,5705,knitted,12,,,,,CHAPTER-57
57050042,5705,"Mats and mattings including Bath Mats, where cotton predominates by weight, of Handloom, Cotton Rugs of Handloom",12,,,,,CHAPTER-57
57050049,5705,Other,12,,,,,CHAPTER-57
57050090,5705,Other,12,,,,,CHAPTER-57
58011000,5801,Of wool or fine animal hair,12,,,,,CHAPTER-58
58012100,5801,Uncut weft pile fabrics,12,,,,,CHAPTER-58
58012210,5801,Solely of cotton,12,,,,,CHAPTER-58
58012290,5801,Other,12,,,,,CHAPTER-58
58012300,5801,Other weft pile fabrics,12,,,,,CHAPTER-58
58012600,5801,Chenille fabrics,12,,,,,CHAPTER-58
58012710,5801,"Warp pile fabrics,'epingle', (uncut)",12,,,,,CHAPTER-58
58012720,5801,"Warp pile fabrics, cut",12,,,,,CHAPTER-58
58012790,5801,Other,12,,,,,CHAPTER-58
58013100,5801,Uncut weft pile fabrics,12,,,,,CHAPTER-58
58013200,5801,Cut corduroy,12,,,,,CHAPTER-58
58013300,5801,Other weft pile fabrics,12,,,,,CHAPTER-58
58013610,5801,Carduroys,12,,,,,CHAPTER-58
58013690,5801,Other,12,,,,,CHAPTER-58
58013711,5801,Velvet,12,,,,,CHAPTER-58
58013719,5801,Other,12,,,,,CHAPTER-58
58013720,5801,"Warp pile fabrics, cut",12,,,,,CHAPTER-58
58013790,5801,Other,,,,,,CHAPTER-58
58019010,5801,"Pile fabrics and chenille fabrics of silk containing more than 50% by weight of silk, but not containing wool or hair",12,,,,,CHAPTER-58
58019090,5801,Pile fabrics and chenille fabrics not elsewhere specified or included,12,,,,,CHAPTER-58
58021100,5802,Unbleached,12,,,,,CHAPTER-58
58021910,5802,Bleached,12,,,,,CHAPTER-58
58021920,5802,Piece dyed,12,,,,,CHAPTER-58
58021930,5802,Yarn dyed,12,,,,,CHAPTER-58
58021940,5802,Printed,12,,,,,CHAPTER-58
58021950,5802,Of Handloom,12,,,,,CHAPTER-58
58021990,5802,Other,12,,,,,CHAPTER-58
58022000,5802,"Terry towelling and similar woven terry fabrics, of other textile materials",12,,,,,CHAPTER-58
58023000,5802,Tufted textile fabrics,12,,,,,CHAPTER-58
58030011,5803,Unbleached,12,,,,,CHAPTER-58
58030012,5803,Bleached,12,,,,,CHAPTER-58
58030013,5803,Piece dyed,12,,,,,CHAPTER-58
58030014,5803,Yarn dyed,12,,,,,CHAPTER-58
58030015,5803,Printed,12,,,,,CHAPTER-58
58030019,5803,Other,12,,,,,CHAPTER-58
58030091,5803,Of silk or silk waste,12,,,,,CHAPTER-58
58030092,5803,Of synthetic fiber,12,,,,,CHAPTER-58
58030093,5803,Of artificial fibre,12,,,,,CHAPTER-58
58030099,5803,Other,12,,,,,CHAPTER-58
58041010,5804,Of cotton,12,,,,,CHAPTER-58
58041090,5804,Other,12,,,,,CHAPTER-58
58042100,5804,Of man-made fibres,12,,,,,CHAPTER-58
58042910,5804,Of cotton,12,,,,,CHAPTER-58
58042990,5804,Other,12,,,,,CHAPTER-58
58043000,5804,Hand-made lace,12,,,,,CHAPTER-58
58050010,5805,"Tapestries hand made or needle worked by hand, of cotton",12,,,,,CHAPTER-58
58050020,5805,Tapestries of jute,12,,,,,CHAPTER-58
58050090,5805,Other,12,,,,,CHAPTER-58
58061000,5806,Woven pile fabrics (including terry towelling and similar terry fabrics) and chenille fabrics,12,,,,,CHAPTER-58
58062000,5806,"Other woven fabrics, containing by weight 5% or more of elastomeric yarn or rubber thread",12,,,,,CHAPTER-58
58063110,5806,Typewriter ribbon cloth,12,,,,,CHAPTER-58
58063120,5806,Newar cotton,12,,,,,CHAPTER-58
58063190,5806,Other,12,,,,,CHAPTER-58
58063200,5806,Of man-made fibres,12,,,,,CHAPTER-58
58063910,5806,Goat hair puttis tape,12,,,,,CHAPTER-58
58063920,5806,Jute webbing,12,,,,,CHAPTER-58
58063930,5806,Other narrow fabrics of jute,12,,,,,CHAPTER-58
58063990,5806,Other,12,,,,,CHAPTER-58
58064000,5806,Fabrics consisting of warp without weft assembled by means of an adhesive (bolducs),12,,,,,CHAPTER-58
58071010,5807,Of cotton,12,,,,,CHAPTER-58
58071020,5807,Of man-made fibre,12,,,,,CHAPTER-58
58071090,5807,Other,12,,,,,CHAPTER-58
58079010,5807,Felt or non-woven,12,,,,,CHAPTER-58
58079090,5807,Other,12,,,,,CHAPTER-58
58081010,5808,Of cotton,12,,,,,CHAPTER-58
58081090,5808,Other,12,,,,,CHAPTER-58
58089010,5808,"Tapes, ornamental or cotton",12,,,,,CHAPTER-58
58089020,5808,Hair band of narrow fabrics,12,,,,,CHAPTER-58
58089030,5808,Other braids,12,,,,,CHAPTER-58
58089040,5808,Ribbons of rayon with,12,,,,,CHAPTER-58
58089050,5808,"ornamental trimmings Saree falls, borders (other than zari), frings of cotton",12,,,,,CHAPTER-58
58089060,5808,"Saree falls, borders (other than zari), frings of man- made fibre",12,,,,,CHAPTER-58
58089090,5808,Other,12,,,,,CHAPTER-58
58090010,5809,Zari border,12,,,,,CHAPTER-58
58090090,580901,,12,"Woven fabrics of metal thread and woven fabrics of metallised yarn of heading 5605, of a kind used in apparel, as furnishing fabrics or for similar purposes, not elsewhere specified or included; such as Zari borders [other than Embroidery or zari articles, that is to say,- imi, zari, kasab, saima, dabka, chumki, gota sitara, naqsi, kora, glass beads, badla, glzal].",,,,CHAPTER-58
58090090,580902,"Embroidery or zari articles, that is to say,- imi, zari, kasab, saima, dabka, chumki, gota sitara, naqsi, kora, glass beads, badla, glzal",5,,,,,CHAPTER-58
58101000,5810,Embroidery without visible ground,5,,,,,CHAPTER-58
58109100,5810,Of cotton,5,,,,,CHAPTER-58
58109210,5810,"Embroidered badges, motifs and the like",12,,,,,CHAPTER-58
58109290,5810,Other,5,,,,,CHAPTER-58
58109900,5810,Of other textile materials,5,,,,,CHAPTER-58
58110010,5811,"Kantha (multilayer stitched textile fabrics in piece used for bedding, mattress pads or clothing)",12,,,,,CHAPTER-58
58110020,5811,Quilted wadding,12,,,,,CHAPTER-58
58110090,5811,Other,12,,,,,CHAPTER-58
59011010,5901,Of cotton,12,,,,,CHAPTER-59
59011020,5901,Prepared painting canvas,12,,,,,CHAPTER-59
59011090,5901,Other,12,,,,,CHAPTER-59
59019010,5901,Tracing cloth of cotton,12,,,,,CHAPTER-59
59019020,5901,Varnished cambric fabrics (Empire fabrics) tapes,12,,,,,CHAPTER-59
59019090,5901,Other,12,,,,,CHAPTER-59
59021010,5902,Impregnated with rubber,12,,,,,CHAPTER-59
59021090,5902,Other,12,,,,,CHAPTER-59
59022010,5902,Impregnated with rubber,12,,,,,CHAPTER-59
59022090,5902,Other,12,,,,,CHAPTER-59
59029010,5902,Impregnated with rubber,12,,,,,CHAPTER-59
59029090,5902,Other,12,,,,,CHAPTER-59
59031010,5903,Imitation leather fabrics of cotton,12,,,,,CHAPTER-59
59031090,5903,Other,12,,,,,CHAPTER-59
59032010,5903,"Imitation leather fabrics, of cotton",12,,,,,CHAPTER-59
59032090,5903,Other,12,,,,,CHAPTER-59
59039010,5903,Of cotton,12,,,,,CHAPTER-59
59039020,5903,Polyethylene laminated jute fabrics,12,,,,,CHAPTER-59
59039090,5903,Other,12,,,,,CHAPTER-59
59041000,5904,Linoleum,12,,,,,CHAPTER-59
59049010,5904,Floor coverings with jute base,12,,,,,CHAPTER-59
59049090,5904,Other,12,,,,,CHAPTER-59
59050010,5905,Fixed on the backing of any material,12,,,,,CHAPTER-59
59050090,5905,Other,12,,,,,CHAPTER-59
59061000,5906,Adhesive tape of a width not exceeding 20 cm,12,,,,,CHAPTER-59
59069110,5906,Of cotton,12,,,,,CHAPTER-59
59069190,5906,Of other textile materials,12,,,,,CHAPTER-59
59069910,5906,"Insulating tape, electrical of cotton",12,,,,,CHAPTER-59
59069920,5906,"Rubberised cotton fabrics, other than knitted or crocheted",12,,,,,CHAPTER-59
59069990,5906,Other,12,,,,,CHAPTER-59
59070011,5907,On the base fabrics of cotton,12,,,,,CHAPTER-59
59070012,5907,On the base fabrics of man- made textile material,12,,,,,CHAPTER-59
59070019,5907,On base fabrics of other textile materials,12,,,,,CHAPTER-59
59070091,5907,Cotton fabrics coated or impregnated with oil or preparations with basis of drying oil,12,,,,,CHAPTER-59
59070092,5907,Other textile fabrics coated or impregnatedwith oil or oil preparations,12,,,,,CHAPTER-59
59070093,5907,Jute fabrics otherwise impregnated or coated,12,,,,,CHAPTER-59
59070099,5907,Other,12,,,,,CHAPTER-59
59080010,5908,"Wicks and gas mantle fabrics, of cotton",12,,,,,CHAPTER-59
59080020,5908,Gas mantles of rayon,12,,,,,CHAPTER-59
59080090,5908,Other,12,,,,,CHAPTER-59
59090010,5909,Of cotton,12,,,,,CHAPTER-59
59090020,5909,Of man-made fibre,12,,,,,CHAPTER-59
59090090,5909,Of other textile materials,12,,,,,CHAPTER-59
59100010,5910,Cotton canvas ply belting,12,,,,,CHAPTER-59
59100020,5910,Rubberised cotton belting,12,,,,,CHAPTER-59
59100030,5910,"Other transmission, conveyer or elevator belts or belting of cotton",12,,,,,CHAPTER-59
59100040,5910,Hair belting,12,,,,,CHAPTER-59
59100050,5910,Flax canvas ply belting,12,,,,,CHAPTER-59
59100060,5910,Fibre belt conveyor,12,,,,,CHAPTER-59
59100090,5910,Other,12,,,,,CHAPTER-59
59111000,5911,"Textile fabrics, felt and felt- lined woven fabrics, coated, covered or laminated with rubber, leather or other material, of a kind used for card clothing, and similar fabrics of a kind used for other technical purposes, including narrow fabrics made of velvet impregnated with rubber, for covering weaving spindles (weaving beams)",12,,,,,CHAPTER-59
59112000,5911,"Bolting cloth, whether or not made up",12,,,,,CHAPTER-59
59113110,5911,"Felt for cotton textile industries, woven",12,,,,,CHAPTER-59
59113120,5911,"Woven textiles felt, whether or not impregnated or coated, of a kind commonly used in other machines",12,,,,,CHAPTER-59
59113130,5911,Cotton fabrics and articles used in machinery and plant,12,,,,,CHAPTER-59
59113140,5911,Jute fabrics and articles used in machinery or plant,12,,,,,CHAPTER-59
59113150,5911,Textile fabrics of metalised yarn of a kind commonly used in paper making or other machinery,12,,,,,CHAPTER-59
59113190,5911,Other,12,,,,,CHAPTER-59
59113210,5911,"Felt for cotton textile industries, woven",12,,,,,CHAPTER-59
59113220,5911,"Woven textiles felt, whether or not impregnated or coated, of a kind commonly used in other machines",12,,,,,CHAPTER-59
59113230,5911,Cotton fabrics and articles used in machinery and plant,12,,,,,CHAPTER-59
59113240,5911,Jute fabrics and articles used in machinery or plant,12,,,,,CHAPTER-59
59113250,5911,Textile fabrics of metalised yarn of a kind commonly used in paper making or other machinery,12,,,,,CHAPTER-59
59113290,5911,Other,12,,,,,CHAPTER-59
59114000,5911,"Straining cloth of a kind used in oil presses or the like, including that of human hair",12,,,,,CHAPTER-59
59119010,5911,"Paper maker’s felt, woven",12,,,,,CHAPTER-59
59119020,5911,"Gaskets, washers, polishing discs and other machinery parts of textile articles",12,,,,,CHAPTER-59
59119090,5911,Other,12,,,,,CHAPTER-59
60011010,6001,Of cotton,5,,,,,CHAPTER-60
60011020,6001,Of man-made fibres,5,,,,,CHAPTER-60
60011090,6001,Of other textile materials Looped pile fabrics,5,,,,,CHAPTER-60
60012100,6001,Of cotton,5,,,,,CHAPTER-60
60012200,6001,Of man-made fibres,5,,,,,CHAPTER-60
60012900,6001,Of other textile materials Other,5,,,,,CHAPTER-60
60019100,6001,Of cotton,5,,,,,CHAPTER-60
60019200,6001,Of man-made fibres,5,,,,,CHAPTER-60
60019910,6001,Of wool or fine animal hair,5,,,,,CHAPTER-60
60019990,6001,Other,5,,,,,CHAPTER-60
60024000,6002,Containing by weight 5% elastomeric yarn but not containing rubber thread,5,,,,,CHAPTER-60
60029000,6002,Other,5,,,,,CHAPTER-60
60031000,6003,Of wool or fine animal hair,5,,,,,CHAPTER-60
60032000,6003,Of cotton,5,,,,,CHAPTER-60
60033000,6003,Of synthetic fibres,5,,,,,CHAPTER-60
60034000,6003,Of artificial fibres,5,,,,,CHAPTER-60
60039000,6003,Other,5,,,,,CHAPTER-60
60041000,6004,Containing by weight 5% elastomeric yarn but not containing rubber thread,5,,,,,CHAPTER-60
60049000,6004,Other,5,,,,,CHAPTER-60
60052100,6005,Unbleached or bleached,5,,,,,CHAPTER-60
60052200,6005,Dyed,5,,,,,CHAPTER-60
60052300,6005,Of yarns of different colours,5,,,,,CHAPTER-60
60052400,6005,Printed Of synthetic fibres :,5,,,,,CHAPTER-60
60053500,6005,Unbleached or bleached,5,,,,,CHAPTER-60
60053600,6005,Dyed,5,,,,,CHAPTER-60
60053700,6005,Of yarns of different colours,5,,,,,CHAPTER-60
60053800,6005,Printed,5,,,,,CHAPTER-60
60053900,6005,Of artificial fibres :,5,,,,,CHAPTER-60
60054100,6005,Unbleached or bleached,5,,,,,CHAPTER-60
60054200,6005,Dyed,5,,,,,CHAPTER-60
60054300,6005,Of yarns of different colours,5,,,,,CHAPTER-60
60054400,6005,Printed Other,5,,,,,CHAPTER-60
60059000,6005,,5,,,,,CHAPTER-60
60061000,6006,Of wool or fine animal hair Of Cotton :,5,,,,,CHAPTER-60
60062100,6006,Unbleached or bleached,5,,,,,CHAPTER-60
60062200,6006,Dyed,5,,,,,CHAPTER-60
60062300,6006,Of yarns of different colours,5,,,,,CHAPTER-60
60062400,6006,Printed,5,,,,,CHAPTER-60
60063100,6006,Unbleached or bleached,5,,,,,CHAPTER-60
60063200,6006,Dyed,5,,,,,CHAPTER-60
60063300,6006,Of yarns of different colours,5,,,,,CHAPTER-60
60063400,6006,Printed Of artificial fibres :,5,,,,,CHAPTER-60
60064100,6006,Unbleached or bleached,5,,,,,CHAPTER-60
60064200,6006,Dyed,5,,,,,CHAPTER-60
60064300,6006,Of yarns of different colours,5,,,,,CHAPTER-60
60064400,6006,Printed,5,,,,,CHAPTER-60
60069000,6006,Other,5,,,,,CHAPTER-60
,,,GST rate when the sale value not exceeding Rs.1000 per piece/exceedin g Rs.1000 per piece,,,,,CHAPTER-60
61012000,610101,Of cotton,5,,,,,CHAPTER-61
61012000,610102,,12,,,,,CHAPTER-61
61013010,610103,Of synthetic fibres,5,,,,,CHAPTER-61
61013010,610104,,12,,,,,CHAPTER-61
61013020,610105,Of artificial fibres,5,,,,,CHAPTER-61
61013021,610106,,12,,,,,CHAPTER-61
61019010,610107,Of silk,5,,,,,CHAPTER-61
61019010,610108,,12,,,,,CHAPTER-61
61019090,610109,Other,5,,,,,CHAPTER-61
61019090,610110,,12,,,,,CHAPTER-61
61021000,610201,Of wool or fine animal hair,5,,,,,CHAPTER-61
61021000,610202,Of wool or fine animal hair,12,,,,,CHAPTER-61
61022000,610203,Of cotton,5,,,,,CHAPTER-61
61022000,610204,,12,,,,,CHAPTER-61
61023010,610205,Of synthetic fibres,5,,,,,CHAPTER-61
61023010,610206,,12,,,,,CHAPTER-61
61023020,610207,Of artificial fibres,5,,,,,CHAPTER-61
61023020,610208,,12,,,,,CHAPTER-61
61029010,610209,Of silk,5,,,,,CHAPTER-61
61029010,610210,,12,,,,,CHAPTER-61
61029090,610211,Other,5,,,,,CHAPTER-61
61029090,610212,,12,,,,,CHAPTER-61
61031010,610301,Of silk,5,,,,,CHAPTER-61
61031010,610302,,12,,,,,CHAPTER-61
61031020,610303,Of cotton,5,,,,,CHAPTER-61
61031020,610304,,12,,,,,CHAPTER-61
61031030,610305,Of artificial fibres,5,,,,,CHAPTER-61
61031030,610306,,12,,,,,CHAPTER-61
61031090,610307,Other,5,,,,,CHAPTER-61
61031090,610308,,12,,,,,CHAPTER-61
61032200,610309,Of cotton,5,,,,,CHAPTER-61
61032200,610310,,12,,,,,CHAPTER-61
61032300,610311,Of synthetic fibres,5,,,,,CHAPTER-61
61032300,610312,,12,,,,,CHAPTER-61
61032910,610313,Of silk,5,,,,,CHAPTER-61
61032910,610314,,12,,,,,CHAPTER-61
61032920,610315,Of artificial fibres,5,,,,,CHAPTER-61
61032920,610316,,12,,,,,CHAPTER-61
61032990,610317,"Other Trousers, bib and brace overalls, breeches and shorts :",5,,,,,CHAPTER-61
61032990,610318,,12,,,,,CHAPTER-61
61033100,610319,Of wool or fine animal hair,5,,,,,CHAPTER-61
61033100,610320,,12,,,,,CHAPTER-61
61033200,610321,Of cotton,5,,,,,CHAPTER-61
61033200,610322,,12,,,,,CHAPTER-61
61033300,610323,Of synthetic fibres,5,,,,,CHAPTER-61
61033300,610324,,12,,,,,CHAPTER-61
61033910,610325,Of silk,5,,,,,CHAPTER-61
61033910,610326,,12,,,,,CHAPTER-61
61033920,610327,Of artificial fibres,5,,,,,CHAPTER-61
61033920,610328,,12,,,,,CHAPTER-61
61033990,610329,"Other Trousers, bib and brace overalls, breeches and shorts :",5,,,,,CHAPTER-61
61033990,610330,,12,,,,,CHAPTER-61
61034100,610331,Of wool or fine animal hair,5,,,,,CHAPTER-61
61034100,610332,,12,,,,,CHAPTER-61
61034200,610333,Of cotton,5,,,,,CHAPTER-61
61034200,610334,,12,,,,,CHAPTER-61
61034300,610335,Of synthetic fibres,5,,,,,CHAPTER-61
61034300,610336,,12,,,,,CHAPTER-61
61034910,610337,Of silk,5,,,,,CHAPTER-61
61034910,610338,,12,,,,,CHAPTER-61
61034920,610339,Of artificial fibres,5,,,,,CHAPTER-61
61034920,610340,,12,,,,,CHAPTER-61
61034990,610341,Other,5,,,,,CHAPTER-61
61034990,610342,,12,,,,,CHAPTER-61
61041300,610401,Of synthetic fibres,5,,,,,CHAPTER-61
61041300,610402,,12,,,,,CHAPTER-61
61041910,610403,Of silk,5,,,,,CHAPTER-61
61041910,610404,,12,,,,,CHAPTER-61
61041920,610405,Of artificial fibres,5,,,,,CHAPTER-61
61041920,610406,,12,,,,,CHAPTER-61
61041990,610407,Other Ensembles :,5,,,,,CHAPTER-61
61041990,610408,,12,,,,,CHAPTER-61
61042200,610409,Of cotton,5,,,,,CHAPTER-61
61042200,610410,,12,,,,,CHAPTER-61
61042300,610411,Of synthetic fibres,5,,,,,CHAPTER-61
61042300,610412,,12,,,,,CHAPTER-61
61042910,610413,Of silk,5,,,,,CHAPTER-61
61042910,610414,,12,,,,,CHAPTER-61
61042920,610415,Of artificial fibres,5,,,,,CHAPTER-61
61042920,610416,,12,,,,,CHAPTER-61
61042990,610417,Other Jackets and blazers :,5,,,,,CHAPTER-61
61042990,610418,,12,,,,,CHAPTER-61
61043100,610419,Jackets and blazers : Of wool or fine animal hair,5,,,,,CHAPTER-61
61043100,610420,,12,,,,,CHAPTER-61
61043200,610421,Of cotton,5,,,,,CHAPTER-61
61043200,610422,,12,,,,,CHAPTER-61
61043300,610423,Of synthetic fibres,5,,,,,CHAPTER-61
61043300,610424,,12,,,,,CHAPTER-61
61043910,610425,Of silk,5,,,,,CHAPTER-61
61043910,610426,,12,,,,,CHAPTER-61
61043920,610427,Of artificial fibres,5,,,,,CHAPTER-61
61043920,610428,,12,,,,,CHAPTER-61
61043990,610429,Other Dresses:,5,,,,,CHAPTER-61
61043990,610430,,12,,,,,CHAPTER-61
61044100,610431,Of wool or fine animal hair,5,,,,,CHAPTER-61
61044100,610432,,12,,,,,CHAPTER-61
61044200,610433,Of cotton,5,,,,,CHAPTER-61
61044200,610434,,12,,,,,CHAPTER-61
61044300,610435,Of synthetic fibres,5,,,,,CHAPTER-61
61044300,610436,,12,,,,,CHAPTER-61
61044400,610437,Of artificial fibres,5,,,,,CHAPTER-61
61044400,610438,,12,,,,,CHAPTER-61
61044910,610439,Of silk,5,,,,,CHAPTER-61
61044910,610440,,12,,,,,CHAPTER-61
61044990,610441,Of other fibres,5,,,,,CHAPTER-61
61044990,610442,,12,,,,,CHAPTER-61
61045100,610443,Of wool or fine animal hair,5,,,,,CHAPTER-61
61045100,610444,,12,,,,,CHAPTER-61
61045200,610445,Of cotton,5,,,,,CHAPTER-61
61045200,610446,,12,,,,,CHAPTER-61
61045300,610447,Of synthetic fibres,5,,,,,CHAPTER-61
61045300,610448,,12,,,,,CHAPTER-61
61045910,610449,Of silk,5,,,,,CHAPTER-61
61045910,610450,,12,,,,,CHAPTER-61
61045920,610451,Of artificial fibres,5,,,,,CHAPTER-61
61045920,610452,,12,,,,,CHAPTER-61
61045990,610453,"Of other fibres Trousers, bib and brace overalls, breeches and shorts :",5,,,,,CHAPTER-61
61045990,610454,,12,,,,,CHAPTER-61
61046100,610455,Of wool or fine animal hair,5,,,,,CHAPTER-61
61046100,610456,,12,,,,,CHAPTER-61
61046200,610457,Of cotton,5,,,,,CHAPTER-61
61046200,610458,,12,,,,,CHAPTER-61
61046300,610459,Of synthetic fibres,5,,,,,CHAPTER-61
61046300,610460,,12,,,,,CHAPTER-61
61046910,610461,Of silk,5,,,,,CHAPTER-61
61046910,610462,,12,,,,,CHAPTER-61
61046920,610463,Of artificial fibres,5,,,,,CHAPTER-61
61046920,610464,,12,,,,,CHAPTER-61
61046990,610465,Other,5,,,,,CHAPTER-61
61046990,610466,,12,,,,,CHAPTER-61
61051010,610501,"Shirts, hand crocheted",5,,,,,CHAPTER-61
61051010,610502,,12,,,,,CHAPTER-61
61051020,610503,"Knit shirts (other than T- shirts)and sweat shirts, other than hand crocheted",5,,,,,CHAPTER-61
61051020,610504,,12,,,,,CHAPTER-61
61051090,610505,Other,5,,,,,CHAPTER-61
61051090,610506,,12,,,,,CHAPTER-61
61052010,610507,Of synthetic fibres,5,,,,,CHAPTER-61
61052010,610508,,12,,,,,CHAPTER-61
61052020,610509,Of artificial fibres,5,,,,,CHAPTER-61
61052020,610510,,12,,,,,CHAPTER-61
61059010,610511,Of silk,5,,,,,CHAPTER-61
61059010,610512,,12,,,,,CHAPTER-61
61059090,610513,Other,5,,,,,CHAPTER-61
61059090,610514,,12,,,,,CHAPTER-61
61061000,610601,Of cotton,5,,,,,CHAPTER-61
61061000,610602,,12,,,,,CHAPTER-61
61062010,610603,Of synthetic fibres,5,,,,,CHAPTER-61
61062010,610604,,12,,,,,CHAPTER-61
61062020,610605,Of artificial fibres,5,,,,,CHAPTER-61
61062020,610606,,12,,,,,CHAPTER-61
61069010,610607,Of silk,5,,,,,CHAPTER-61
61069010,610608,,12,,,,,CHAPTER-61
61069020,610609,Of wool or fine animal hair,5,,,,,CHAPTER-61
61069020,610610,,12,,,,,CHAPTER-61
61069090,610611,Other,5,,,,,CHAPTER-61
61069090,610612,,12,,,,,CHAPTER-61
61071100,610701,Of cotton,5,,,,,CHAPTER-61
61071100,610702,,12,,,,,CHAPTER-61
61071210,610703,Of synthetic fibres,5,,,,,CHAPTER-61
61071210,610704,,12,,,,,CHAPTER-61
61071220,610705,Of artificial fibres,5,,,,,CHAPTER-61
61071220,610706,,12,,,,,CHAPTER-61
61071910,610707,Of silk,5,,,,,CHAPTER-61
61071910,610708,,12,,,,,CHAPTER-61
61071990,610709,Other Night shirts and pyjamas :,5,,,,,CHAPTER-61
61071990,610710,,12,,,,,CHAPTER-61
61072100,610711,Of cotton,5,,,,,CHAPTER-61
61072100,610712,,12,,,,,CHAPTER-61
61072210,610713,Of synthetic fibres,5,,,,,CHAPTER-61
61072210,610714,,12,,,,,CHAPTER-61
61072220,610715,Of artificial fibres,5,,,,,CHAPTER-61
61072220,610716,,12,,,,,CHAPTER-61
61072910,610717,Of silk,5,,,,,CHAPTER-61
61072910,610718,,12,,,,,CHAPTER-61
61072920,610719,Of wool or fine animal hair,5,,,,,CHAPTER-61
61072920,610720,,12,,,,,CHAPTER-61
61072990,610721,Other,5,,,,,CHAPTER-61
61072990,610722,,12,,,,,CHAPTER-61
61079110,610723,"Gengis (Vests), other than hand crocheted",5,,,,,CHAPTER-61
61079110,610724,,12,,,,,CHAPTER-61
61079190,610725,Other,5,,,,,CHAPTER-61
61079190,610726,,12,,,,,CHAPTER-61
61079910,610727,Of silk,5,,,,,CHAPTER-61
61079910,610728,,12,,,,,CHAPTER-61
61079920,610729,Of wool or fine animal hair,5,,,,,CHAPTER-61
61079920,610730,,12,,,,,CHAPTER-61
61079990,610731,Other,5,,,,,CHAPTER-61
61079990,610732,,12,,,,,CHAPTER-61
61081110,610801,Of synthetic fibres,5,,,,,CHAPTER-61
61081110,610802,,12,,,,,CHAPTER-61
61081120,610803,Of artificial fibres,5,,,,,CHAPTER-61
61081120,610804,,12,,,,,CHAPTER-61
61081910,610805,Of silk,5,,,,,CHAPTER-61
61081910,610806,,12,,,,,CHAPTER-61
61081920,610807,Of cotton,5,,,,,CHAPTER-61
61081920,610808,,12,,,,,CHAPTER-61
61081990,610809,Of other fibres Briefs and panties :,5,,,,,CHAPTER-61
61081990,610810,,12,,,,,CHAPTER-61
61082100,610811,Of cotton,5,,,,,CHAPTER-61
61082100,610812,,12,,,,,CHAPTER-61
61082210,610813,Of synthetic fibres,5,,,,,CHAPTER-61
61082210,610814,,12,,,,,CHAPTER-61
61082220,610815,Of artificial fibres,5,,,,,CHAPTER-61
61082220,610816,,12,,,,,CHAPTER-61
61082910,610817,Of silk,5,,,,,CHAPTER-61
61082910,610818,,12,,,,,CHAPTER-61
61082990,610819,Other Night dresses and pyjamas :,5,,,,,CHAPTER-61
61082990,610820,,12,,,,,CHAPTER-61
61083100,610821,Of cotton,5,,,,,CHAPTER-61
61083100,610822,,12,,,,,CHAPTER-61
61083210,610823,Of synthetic fibres,5,,,,,CHAPTER-61
61083210,610824,,12,,,,,CHAPTER-61
61083220,610825,Of artificial fibres,5,,,,,CHAPTER-61
61083220,610826,,12,,,,,CHAPTER-61
61083910,610827,Of silk,5,,,,,CHAPTER-61
61083910,610828,,12,,,,,CHAPTER-61
61083990,610829,Other,5,,,,,CHAPTER-61
61083990,610830,,12,,,,,CHAPTER-61
61089100,610831,Of cotton,5,,,,,CHAPTER-61
61089100,610832,,12,,,,,CHAPTER-61
61089210,610833,Of synthetic fibres,5,,,,,CHAPTER-61
61089210,610834,,12,,,,,CHAPTER-61
61089220,610835,Of artificial fibres,5,,,,,CHAPTER-61
61089220,610836,,12,,,,,CHAPTER-61
61089910,610837,Of silk,5,,,,,CHAPTER-61
61089910,610838,,12,,,,,CHAPTER-61
61089920,610839,Of wool or fine animal hair,5,,,,,CHAPTER-61
61089920,610840,,12,,,,,CHAPTER-61
61089990,610841,Of other textile materials,5,,,,,CHAPTER-61
61089990,610842,,12,,,,,CHAPTER-61
61091000,610901,Of cotton,5,,,,,CHAPTER-61
61091000,610902,,12,,,,,CHAPTER-61
61099010,610903,Of synthetic fibres,5,,,,,CHAPTER-61
61099010,610904,,12,,,,,CHAPTER-61
61099020,610905,Of artificial fibres,5,,,,,CHAPTER-61
61099020,610906,,12,,,,,CHAPTER-61
61099030,610907,Of silk,5,,,,,CHAPTER-61
61099030,610908,,12,,,,,CHAPTER-61
61099040,610909,Of wool or fine animal hair,5,,,,,CHAPTER-61
61099040,610910,,12,,,,,CHAPTER-61
61099090,610911,Other,5,,,,,CHAPTER-61
61099090,610912,,12,,,,,CHAPTER-61
61101110,611001,Jerseys,5,,,,,CHAPTER-61
61101110,611002,,12,,,,,CHAPTER-61
61101120,611003,Sweaters and cardigans,5,,,,,CHAPTER-61
61101120,611004,,12,,,,,CHAPTER-61
61101190,611005,Other,5,,,,,CHAPTER-61
61101190,611006,,12,,,,,CHAPTER-61
61101200,611007,Of Kashmir (cashmere) goats,5,,,,,CHAPTER-61
61101200,611008,,12,,,,,CHAPTER-61
61101900,611009,Other,5,,,,,CHAPTER-61
61101900,611010,,12,,,,,CHAPTER-61
61102000,611011,Of cotton,5,,,,,CHAPTER-61
61102000,611012,,12,,,,,CHAPTER-61
61103010,611013,Of synthetic fibres,5,,,,,CHAPTER-61
61103010,611014,,12,,,,,CHAPTER-61
61103020,611015,Of artificial fibres,5,,,,,CHAPTER-61
61103020,611016,,12,,,,,CHAPTER-61
61109000,611017,Of other textile materials,5,,,,,CHAPTER-61
61109000,611018,,12,,,,,CHAPTER-61
61112000,611101,Of cotton,5,,,,,CHAPTER-61
61112000,611102,,12,,,,,CHAPTER-61
61113000,611103,Of synthetic fibres,5,,,,,CHAPTER-61
61113000,611104,,12,,,,,CHAPTER-61
61119010,611105,Of silk,5,,,,,CHAPTER-61
61119010,611106,,12,,,,,CHAPTER-61
61119020,611107,Of artificial fibres,5,,,,,CHAPTER-61
61119020,611108,,12,,,,,CHAPTER-61
61119090,611109,Other,5,,,,,CHAPTER-61
61119090,611110,,12,,,,,CHAPTER-61
61121100,611201,Of cotton,5,,,,,CHAPTER-61
61121100,611202,,12,,,,,CHAPTER-61
61121200,611203,Of synthetic fibres,5,,,,,CHAPTER-61
61121200,611204,,12,,,,,CHAPTER-61
61121910,611205,Of silk,5,,,,,CHAPTER-61
61121910,611206,,12,,,,,CHAPTER-61
61121920,611207,Of wool or fine animal hair,5,,,,,CHAPTER-61
61121920,611208,,12,,,,,CHAPTER-61
61121930,611209,Of artificial fibres,5,,,,,CHAPTER-61
61121930,611210,,12,,,,,CHAPTER-61
61121990,611211,Other,5,,,,,CHAPTER-61
61121990,611212,,12,,,,,CHAPTER-61
61122010,611213,Of silk,5,,,,,CHAPTER-61
61122010,611214,,12,,,,,CHAPTER-61
61122020,611215,Of wool or fine animal hair,5,,,,,CHAPTER-61
61122020,611216,,12,,,,,CHAPTER-61
61122030,611217,Of cotton,5,,,,,CHAPTER-61
61122030,611218,,12,,,,,CHAPTER-61
61122040,611219,Of synthetic fibres,5,,,,,CHAPTER-61
61122040,611220,,12,,,,,CHAPTER-61
61122050,611221,Of artificial fibres,5,,,,,CHAPTER-61
61122050,611222,,12,,,,,CHAPTER-61
61122090,611223,Other Men’s or boys’ swimwear :,5,,,,,CHAPTER-61
61122090,611224,,12,,,,,CHAPTER-61
61123100,611225,Of synthetic fibres,5,,,,,CHAPTER-61
61123100,611226,,12,,,,,CHAPTER-61
61123910,611227,Of silk,5,,,,,CHAPTER-61
61123910,611228,,12,,,,,CHAPTER-61
61123920,611229,Of artificial fibres,5,,,,,CHAPTER-61
61123920,611230,,12,,,,,CHAPTER-61
61123990,611231,Other,5,,,,,CHAPTER-61
61123990,611232,,12,,,,,CHAPTER-61
61124100,611233,Of synthetic fibre,5,,,,,CHAPTER-61
61124100,611234,,12,,,,,CHAPTER-61
61124910,611235,Of silk,5,,,,,CHAPTER-61
61124910,611236,,12,,,,,CHAPTER-61
61124920,611237,Of artificial fibres,5,,,,,CHAPTER-61
61124920,611238,,12,,,,,CHAPTER-61
61124990,611239,Other,5,,,,,CHAPTER-61
61124990,611240,,12,,,,,CHAPTER-61
61130000,611301,"GARMENTS, MADE UP OF KNITTED OR CROCHETED FABRICS OF HEADING 5903, 5906 OR 5907",5,,,,,CHAPTER-61
61130000,611302,,12,,,,,CHAPTER-61
61142000,611401,Of cotton,5,,,,,CHAPTER-61
61142000,611402,,12,,,,,CHAPTER-61
61143010,611403,Of synthetic fibres,5,,,,,CHAPTER-61
61143010,611404,,12,,,,,CHAPTER-61
61143020,611405,Of artificial fibres,5,,,,,CHAPTER-61
61143020,611406,,12,,,,,CHAPTER-61
61149010,611407,Of silk,5,,,,,CHAPTER-61
61149010,611408,,12,,,,,CHAPTER-61
61149090,611409,Other,5,,,,,CHAPTER-61
61149090,611410,,12,,,,,CHAPTER-61
61151000,611501,"graduated compression hosiery for example, (stockings for varicose veins)",5,,,,,CHAPTER-61
61151000,611502,,12,,,,,CHAPTER-61
61152100,611503,"Of synthetic fibres, measuring per single yarn less than 67 decitex",5,,,,,CHAPTER-61
61152100,611504,,12,,,,,CHAPTER-61
61152200,611505,"Of synthetic fibres, measuring per single yarn less than 67 decitex or more",5,,,,,CHAPTER-61
61152200,611506,,12,,,,,CHAPTER-61
61152910,611507,Of silk,5,,,,,CHAPTER-61
61152910,611508,,12,,,,,CHAPTER-61
61152920,611509,Of wool or fine animal hair,5,,,,,CHAPTER-61
61152920,611510,,12,,,,,CHAPTER-61
61152930,611511,Of artificial fibres,5,,,,,CHAPTER-61
61152930,611512,,12,,,,,CHAPTER-61
61152990,611513,Other,5,,,,,CHAPTER-61
61152990,611514,,12,,,,,CHAPTER-61
61153000,611515,"Other women's full-length or knee-length hosiery, measuring per single yarn less than 67 decitex",5,,,,,CHAPTER-61
61153000,611516,,12,,,,,CHAPTER-61
61159400,611517,Of wool or fine animal hair,5,,,,,CHAPTER-61
61159400,611518,,12,,,,,CHAPTER-61
61159500,611519,Of cotton,5,,,,,CHAPTER-61
61159500,611520,,12,,,,,CHAPTER-61
61159600,611521,Of synthetic fibres,5,,,,,CHAPTER-61
61159600,611522,,12,,,,,CHAPTER-61
61159910,611523,Of artificial fibres,5,,,,,CHAPTER-61
61159910,611524,,12,,,,,CHAPTER-61
61159990,611525,Other,5,,,,,CHAPTER-61
61159990,611526,,12,,,,,CHAPTER-61
61161000,611601,"Impregnated, coated or covered with plastics or rubber ---- Other :",5,,,,,CHAPTER-61
61161000,611602,,12,,,,,CHAPTER-61
61169100,611603,Of wool or fine animal hair,5,,,,,CHAPTER-61
61169100,611604,,12,,,,,CHAPTER-61
61169200,611605,Of cotton,5,,,,,CHAPTER-61
61169200,611606,,12,,,,,CHAPTER-61
61169300,611607,Of synthetic fibres,5,,,,,CHAPTER-61
61169300,611608,,12,,,,,CHAPTER-61
61169910,611609,Of artificial fibres,5,,,,,CHAPTER-61
61169910,611610,,12,,,,,CHAPTER-61
61169990,611611,Other,5,,,,,CHAPTER-61
61169990,611612,,12,,,,,CHAPTER-61
61171010,611701,Of silk,5,,,,,CHAPTER-61
61171010,611702,,12,,,,,CHAPTER-61
61171020,611703,Of wool,5,,,,,CHAPTER-61
61171020,611704,,12,,,,,CHAPTER-61
61171030,611705,Of cotton,5,,,,,CHAPTER-61
61171030,611706,,12,,,,,CHAPTER-61
61171040,611707,Of man-made fibres,5,,,,,CHAPTER-61
61171040,611708,,12,,,,,CHAPTER-61
61171090,611709,Other,5,,,,,CHAPTER-61
61171090,611710,,12,,,,,CHAPTER-61
61178010,611711,Of silk,5,,,,,CHAPTER-61
61178010,611712,,12,,,,,CHAPTER-61
61178020,611713,Of wool,5,,,,,CHAPTER-61
61178020,611714,,12,,,,,CHAPTER-61
61178030,611715,Of cotton,5,,,,,CHAPTER-61
61178030,611716,,12,,,,,CHAPTER-61
61178040,611717,Of man-made fibres,5,,,,,CHAPTER-61
61178040,611718,,12,,,,,CHAPTER-61
61178090,611719,Other,5,,,,,CHAPTER-61
61178090,611720,,12,,,,,CHAPTER-61
61179000,611721,Parts,5,,,,,CHAPTER-61
61179000,611722,,12,,,,,CHAPTER-61
62011100,620101,Of wool and fine animal hair,5,,,,,CHAPTER-62
62011100,620102,,12,,,,,CHAPTER-62
62011210,620103,Raincoats,5,,,,,CHAPTER-62
62011210,620104,,12,,,,,CHAPTER-62
62011290,620105,Other,5,,,,,CHAPTER-62
62011290,620106,,12,,,,,CHAPTER-62
62011310,620107,Raincoats,5,,,,,CHAPTER-62
62011310,620108,,12,,,,,CHAPTER-62
62011390,620109,Other,5,,,,,CHAPTER-62
62011390,620110,,12,,,,,CHAPTER-62
62011910,620111,Of silk,5,,,,,CHAPTER-62
62011910,620112,,12,,,,,CHAPTER-62
62011990,620113,Of other textile fibres Other,5,,,,,CHAPTER-62
62011990,620114,,12,,,,,CHAPTER-62
62019100,620115,Of wool or fine animal hair,5,,,,,CHAPTER-62
62019100,620116,,12,,,,,CHAPTER-62
62019200,620117,Of cotton,5,,,,,CHAPTER-62
62019200,620118,,12,,,,,CHAPTER-62
62019300,620119,Of man-made fibres,5,,,,,CHAPTER-62
62019300,620120,,12,,,,,CHAPTER-62
62019910,620121,Of silk,5,,,,,CHAPTER-62
62019910,620122,,12,,,,,CHAPTER-62
62019990,620123,Other,5,,,,,CHAPTER-62
62019990,620124,,12,,,,,CHAPTER-62
62021110,620201,Coats,5,,,,,CHAPTER-62
62021110,620202,,12,,,,,CHAPTER-62
62021190,620203,Other,5,,,,,CHAPTER-62
62021190,620204,,12,,,,,CHAPTER-62
62021200,620205,Of cotton,5,,,,,CHAPTER-62
62021200,620206,,12,,,,,CHAPTER-62
62021300,620207,Of man-made fibres,5,,,,,CHAPTER-62
62021300,620208,,12,,,,,CHAPTER-62
62021910,620209,Coats of silk,5,,,,,CHAPTER-62
62021910,620210,,12,,,,,CHAPTER-62
62021920,620211,Coats of all other fibres,5,,,,,CHAPTER-62
62021920,620212,,12,,,,,CHAPTER-62
62021990,620213,Other,5,,,,,CHAPTER-62
62021990,620214,,12,,,,,CHAPTER-62
62029110,620215,"Wind and ski-jackets, wind- cheaters",5,,,,,CHAPTER-62
62029110,620216,,12,,,,,CHAPTER-62
62029190,620217,Other,5,,,,,CHAPTER-62
62029190,620218,,12,,,,,CHAPTER-62
62029210,620219,"Wind and ski-jackets, wind- cheaters",5,,,,,CHAPTER-62
62029210,620220,,12,,,,,CHAPTER-62
62029290,620221,Other,5,,,,,CHAPTER-62
62029290,620222,,12,,,,,CHAPTER-62
62029310,620223,"Wind and ski-jackets, wind- cheaters",5,,,,,CHAPTER-62
62029310,620224,,12,,,,,CHAPTER-62
62029390,620225,Other,5,,,,,CHAPTER-62
62029390,620226,,12,,,,,CHAPTER-62
62029911,620227,Wind and ski-jackets,5,,,,,CHAPTER-62
62029911,620228,,12,,,,,CHAPTER-62
62029919,620229,Other,5,,,,,CHAPTER-62
62029919,620230,,12,,,,,CHAPTER-62
62029990,620231,Other,5,,,,,CHAPTER-62
62029990,620232,Of wool or fine animal hair,12,,,,,CHAPTER-62
62031100,620301,,5,,,,,CHAPTER-62
62031100,620302,,12,,,,,CHAPTER-62
62031200,620303,Of synthetic fibres,5,,,,,CHAPTER-62
62031200,620304,,12,,,,,CHAPTER-62
62031910,620305,Of cotton,5,,,,,CHAPTER-62
62031910,620306,,12,,,,,CHAPTER-62
62031990,620307,Other ensembles,5,,,,,CHAPTER-62
62031990,620308,,12,,,,,CHAPTER-62
62032200,620309,Of cotton,5,,,,,CHAPTER-62
62032200,620310,,12,,,,,CHAPTER-62
62032300,620311,Of synthetic fibres,5,,,,,CHAPTER-62
62032300,620312,,12,,,,,CHAPTER-62
62032900,620313,Of other textile materials,5,,,,,CHAPTER-62
62032900,620314,,12,,,,,CHAPTER-62
62033100,620315,Of wool or fine animal hair,5,,,,,CHAPTER-62
62033100,620316,,12,,,,,CHAPTER-62
62033200,620317,Of cotton,5,,,,,CHAPTER-62
62033200,620318,,12,,,,,CHAPTER-62
62033300,620319,Of synthetic fibres,5,,,,,CHAPTER-62
62033300,620320,,12,,,,,CHAPTER-62
62033910,620321,Of silk,5,,,,,CHAPTER-62
62033910,620322,,12,,,,,CHAPTER-62
62033990,620323,"Others Trousers, bib and brace overalls, breeches and shorts :",5,,,,,CHAPTER-62
62033990,620324,,12,,,,,CHAPTER-62
62034100,620325,"overalls, breeches and shorts : Of wool or fine animal hair",5,,,,,CHAPTER-62
62034100,620326,,12,,,,,CHAPTER-62
62034200,620327,Of cotton,5,,,,,CHAPTER-62
62034200,620328,,12,,,,,CHAPTER-62
62034300,620329,Of synthetic fibres,5,,,,,CHAPTER-62
62034300,620330,,12,,,,,CHAPTER-62
62034910,620331,Of silk,5,,,,,CHAPTER-62
62034910,620332,,12,,,,,CHAPTER-62
62034990,620333,Other,5,,,,,CHAPTER-62
62034990,620334,,12,,,,,CHAPTER-62
62041100,620401,Of wool of fine animal hair,5,,,,,CHAPTER-62
62041100,620402,,12,,,,,CHAPTER-62
62041200,620403,Of cotton,5,,,,,CHAPTER-62
62041200,620404,,12,,,,,CHAPTER-62
62041300,620405,Of synthetic fibres,5,,,,,CHAPTER-62
62041300,620406,,12,,,,,CHAPTER-62
62041911,620407,Sequinned or beaded with chattons or embroidered,5,,,,,CHAPTER-62
62041911,620408,,12,,,,,CHAPTER-62
62041919,620409,Other,5,,,,,CHAPTER-62
62041919,620410,,12,,,,,CHAPTER-62
62041990,620411,Of all other fibres ensembles,5,,,,,CHAPTER-62
62041990,620412,,12,,,,,CHAPTER-62
62042100,620413,Of wool or fine animal hair,5,,,,,CHAPTER-62
62042100,620414,,12,,,,,CHAPTER-62
62042210,620415,Blouses combined with skirts trousers or shorts,5,,,,,CHAPTER-62
62042210,620416,,12,,,,,CHAPTER-62
62042290,620417,Other,5,,,,,CHAPTER-62
62042290,620418,,12,,,,,CHAPTER-62
62042300,620419,Of Synthetic fibres,5,,,,,CHAPTER-62
62042300,620420,,12,,,,,CHAPTER-62
62042911,620421,Sequinned or beaded,5,,,,,CHAPTER-62
62042911,620422,,12,,,,,CHAPTER-62
62042919,620423,Other,5,,,,,CHAPTER-62
62042919,620424,,12,,,,,CHAPTER-62
62042990,620425,Other Jackets and blazers :,5,,,,,CHAPTER-62
62042990,620426,,12,,,,,CHAPTER-62
62043100,620427,Of wool or fine animal hair,5,,,,,CHAPTER-62
62043100,620428,,12,,,,,CHAPTER-62
62043200,620429,Of cotton,5,,,,,CHAPTER-62
62043200,620430,,12,,,,,CHAPTER-62
62043300,620431,Of synthetic fibres,5,,,,,CHAPTER-62
62043300,620432,,12,,,,,CHAPTER-62
62043911,620433,Sequinned or beaded with chattons or embroidered,5,,,,,CHAPTER-62
62043911,620434,,12,,,,,CHAPTER-62
62043919,620435,Other,5,,,,,CHAPTER-62
62043919,620436,,12,,,,,CHAPTER-62
62043990,620437,Other Dresses,5,,,,,CHAPTER-62
62043990,620438,,12,,,,,CHAPTER-62
62044110,620439,House coats and like dresses,5,,,,,CHAPTER-62
62044110,620440,,12,,,,,CHAPTER-62
62044120,620441,Blazers,5,,,,,CHAPTER-62
62044120,620442,,12,,,,,CHAPTER-62
62044190,620443,Other,5,,,,,CHAPTER-62
62044190,620444,,12,,,,,CHAPTER-62
62044210,620445,House coats and the like dresses,5,,,,,CHAPTER-62
62044210,620446,,12,,,,,CHAPTER-62
62044220,620447,Dresses,5,,,,,CHAPTER-62
62044220,620448,,12,,,,,CHAPTER-62
62044290,620449,Other,5,,,,,CHAPTER-62
62044290,620450,,12,,,,,CHAPTER-62
62044310,620451,House coats and the like,5,,,,,CHAPTER-62
62044310,620452,,12,,,,,CHAPTER-62
62044390,620453,Other,5,,,,,CHAPTER-62
62044390,620454,,12,,,,,CHAPTER-62
62044400,620455,Of artificial fibres,5,,,,,CHAPTER-62
62044400,620456,,12,,,,,CHAPTER-62
62044911,620457,House coats and the like dresses,5,,,,,CHAPTER-62
62044911,620458,,12,,,,,CHAPTER-62
62044919,620459,Other,5,,,,,CHAPTER-62
62044919,620460,,12,,,,,CHAPTER-62
62044990,620461,Other,5,,,,,CHAPTER-62
62044990,620462,,12,,,,,CHAPTER-62
62045100,620463,Of wool or fine animal hair,5,,,,,CHAPTER-62
62045100,620464,,12,,,,,CHAPTER-62
62045200,620465,Of cotton,5,,,,,CHAPTER-62
62045200,620466,,12,,,,,CHAPTER-62
62045300,620467,Of synthetic fibres,5,,,,,CHAPTER-62
62045300,620468,,12,,,,,CHAPTER-62
62045910,620469,Of silk,5,,,,,CHAPTER-62
62045910,620470,,12,,,,,CHAPTER-62
62045990,620471,Other,5,,,,,CHAPTER-62
62045990,620472,,12,,,,,CHAPTER-62
62046110,620473,Trousers and shorts,5,,,,,CHAPTER-62
62046110,620474,,12,,,,,CHAPTER-62
62046190,620475,Other,5,,,,,CHAPTER-62
62046190,620476,,12,,,,,CHAPTER-62
62046200,620477,Of cotton,5,,,,,CHAPTER-62
62046200,620478,,12,,,,,CHAPTER-62
62046300,620479,Of synthetic fibres,5,,,,,CHAPTER-62
62046300,620480,,12,,,,,CHAPTER-62
62046911,620481,Sequinned or beaded with chattons or embroidered,5,,,,,CHAPTER-62
62046911,620482,,12,,,,,CHAPTER-62
62046919,620483,Other,5,,,,,CHAPTER-62
62046919,620484,,12,,,,,CHAPTER-62
62046990,620485,Other,5,,,,,CHAPTER-62
62046990,620486,,12,,,,,CHAPTER-62
62052000,620501,Of cotton,5,,,,,CHAPTER-62
62052000,620502,,12,,,,,CHAPTER-62
62053000,620503,Of man-made fibres,5,,,,,CHAPTER-62
62053000,620504,,12,,,,,CHAPTER-62
62059010,620505,Of silk,5,,,,,CHAPTER-62
62059010,620506,,12,,,,,CHAPTER-62
62059090,620507,Other,5,,,,,CHAPTER-62
62059090,620508,,12,,,,,CHAPTER-62
62061010,620601,,5,,,,,CHAPTER-62
62061010,620602,,12,,,,,CHAPTER-62
62061090,620603,Other,5,,,,,CHAPTER-62
62061090,620604,,12,,,,,CHAPTER-62
62062000,620605,Of wool or fine animal hair,5,,,,,CHAPTER-62
62062000,620606,,12,,,,,CHAPTER-62
62063000,620607,Of cotton,5,,,,,CHAPTER-62
62063000,620608,,12,,,,,CHAPTER-62
62064000,620609,Of man-made fibres,5,,,,,CHAPTER-62
62064000,620610,,12,,,,,CHAPTER-62
62069000,620611,Of other textile materials,5,,,,,CHAPTER-62
62069000,620612,,12,,,,,CHAPTER-62
62071100,620701,Of cotton,5,,,,,CHAPTER-62
62071100,620702,,12,,,,,CHAPTER-62
62071910,620703,Of synthetic fibres,5,,,,,CHAPTER-62
62071910,620704,,12,,,,,CHAPTER-62
62071920,620705,Of wool,5,,,,,CHAPTER-62
62071920,620706,,12,,,,,CHAPTER-62
62071930,620707,Of silk,5,,,,,CHAPTER-62
62071930,620708,,12,,,,,CHAPTER-62
62071990,620709,Other,5,,,,,CHAPTER-62
62071990,620710,,12,,,,,CHAPTER-62
62072110,620711,Of cotton,5,,,,,CHAPTER-62
62072110,620712,,12,,,,,CHAPTER-62
62072190,620713,Other,5,,,,,CHAPTER-62
62072190,620714,,12,,,,,CHAPTER-62
62072200,620715,Of man-made fibres,5,,,,,CHAPTER-62
62072200,620716,,12,,,,,CHAPTER-62
62072900,620717,Of other textile materials other,5,,,,,CHAPTER-62
62072900,620718,,12,,,,,CHAPTER-62
62079110,620719,Dressing gowns and bathrobes,5,,,,,CHAPTER-62
62079110,620720,,12,,,,,CHAPTER-62
62079120,620721,Under shirts other than hand printed,5,,,,,CHAPTER-62
62079120,620722,,12,,,,,CHAPTER-62
62079190,620723,Other,5,,,,,CHAPTER-62
62079190,620724,,12,,,,,CHAPTER-62
62079911,620725,Dressing gowns and bathrobes,5,,,,,CHAPTER-62
62079911,620726,,12,,,,,CHAPTER-62
62079919,620727,Other Of Wool,5,,,,,CHAPTER-62
62079919,620728,,12,,,,,CHAPTER-62
62079921,620729,Dressing gowns and bathrobes,5,,,,,CHAPTER-62
62079921,620730,,12,,,,,CHAPTER-62
62079929,620731,Other,5,,,,,CHAPTER-62
62079929,620732,,12,,,,,CHAPTER-62
62079990,620733,Other,5,,,,,CHAPTER-62
62079990,620734,,12,,,,,CHAPTER-62
62081100,620801,Of man-made fibres,5,,,,,CHAPTER-62
62081100,620802,,12,,,,,CHAPTER-62
62081910,620803,Of cotton other than hand printed,5,,,,,CHAPTER-62
62081910,620804,,12,,,,,CHAPTER-62
62081990,620805,Nightdresses and pyjamas,5,,,,,CHAPTER-62
62081990,620806,,12,,,,,CHAPTER-62
62082100,620807,Of cotton,5,,,,,CHAPTER-62
62082100,620808,,12,,,,,CHAPTER-62
62082200,620809,Of man-made fibres,5,,,,,CHAPTER-62
62082200,620810,,12,,,,,CHAPTER-62
62082910,620811,Of silk,5,,,,,CHAPTER-62
62082910,620812,,12,,,,,CHAPTER-62
62082920,620813,Of wool,5,,,,,CHAPTER-62
62082920,620814,,12,,,,,CHAPTER-62
62082990,620815,Other,5,,,,,CHAPTER-62
62082990,620816,,12,,,,,CHAPTER-62
62089110,620817,Dressing gowns and bathrobes,5,,,,,CHAPTER-62
62089110,620818,,12,,,,,CHAPTER-62
62089190,620819,Other,5,,,,,CHAPTER-62
62089190,620820,,12,,,,,CHAPTER-62
62089210,620821,Dressing gowns and bathrobes,5,,,,,CHAPTER-62
62089210,620822,,12,,,,,CHAPTER-62
62089290,620823,Other,5,,,,,CHAPTER-62
62089290,620824,,12,,,,,CHAPTER-62
62089910,620825,Dressing gowns and bathrobes of wool,5,,,,,CHAPTER-62
62089910,620826,,12,,,,,CHAPTER-62
62089920,620827,Dressing gowns and bathrobes of silk,5,,,,,CHAPTER-62
62089920,620828,,12,,,,,CHAPTER-62
62089990,620829,Other,5,,,,,CHAPTER-62
62089990,620830,,12,,,,,CHAPTER-62
62092000,620901,Of cotton,5,,,,,CHAPTER-62
62092000,620902,,12,,,,,CHAPTER-62
62093000,620903,Of synthetic fibres,5,,,,,CHAPTER-62
62093000,620904,,12,,,,,CHAPTER-62
62099010,620905,Of silk,5,,,,,CHAPTER-62
62099010,620906,,12,,,,,CHAPTER-62
62099090,620907,Other,5,,,,,CHAPTER-62
62099090,620908,,12,,,,,CHAPTER-62
62101000,621001,Of fabrics of heading 5602 or 5603,5,,,,,CHAPTER-62
62101000,621002,,12,,,,,CHAPTER-62
62102010,621003,"Outer garments, of rubberised textile fabrics",5,,,,,CHAPTER-62
62102010,621004,,12,,,,,CHAPTER-62
62102020,621005,"Outer garments, of fabricsimpregnated, coated, covered orlaminated with preparations of cellulose derivatives and other artificial plastic materials",5,,,,,CHAPTER-62
62102020,621006,,12,,,,,CHAPTER-62
62102030,621007,"Outer garments, of fabrics otherwise impregnated or coated",5,,,,,CHAPTER-62
62102030,621008,,12,,,,,CHAPTER-62
62102090,621009,Other,5,,,,,CHAPTER-62
62102090,621010,,12,,,,,CHAPTER-62
62103010,621011,"Outer garments, of fabricsimpregnated, coated, covered orlaminated with preparations of cellulose derivatives and other artificial plastic materials",5,,,,,CHAPTER-62
62103010,621012,,12,,,,,CHAPTER-62
62103020,621013,"Outer garments, of rubberised textile fabrics",5,,,,,CHAPTER-62
62103020,621014,,12,,,,,CHAPTER-62
62103030,621015,"Outer garments, of fabrics otherwise impregnated",5,,,,,CHAPTER-62
62103030,621016,,12,,,,,CHAPTER-62
62103090,621017,Other,5,,,,,CHAPTER-62
62103090,621018,,12,,,,,CHAPTER-62
62104010,621019,"Bullet proof jacket, bomb disposal jacket and the like",5,,,,,CHAPTER-62
62104010,621020,,12,,,,,CHAPTER-62
62104090,621021,Other,5,,,,,CHAPTER-62
62104090,621022,,12,,,,,CHAPTER-62
62105000,621023,Other women’s or girls’ garments,5,,,,,CHAPTER-62
62105000,621024,,12,,,,,CHAPTER-62
62111100,621101,Men’s or boys’,5,,,,,CHAPTER-62
62111100,621102,,12,,,,,CHAPTER-62
62111200,621103,Women’s or girls,5,,,,,CHAPTER-62
62111200,621104,,12,,,,,CHAPTER-62
62112000,621105,"Ski suits Other garments, men’s or boys",5,,,,,CHAPTER-62
62112000,621106,,12,,,,,CHAPTER-62
62113200,621107,Of cotton,5,,,,,CHAPTER-62
62113200,621108,,12,,,,,CHAPTER-62
62113300,621109,Of man-made fibres,5,,,,,CHAPTER-62
62113300,621110,,12,,,,,CHAPTER-62
62113900,621111,"Of other textile materials Other garments, women’s or girls’",5,,,,,CHAPTER-62
62113900,621112,,12,,,,,CHAPTER-62
62114210,621113,Kurta and salwar with or without duppatta,5,,,,,CHAPTER-62
62114210,621114,,12,,,,,CHAPTER-62
62114290,621115,Other,5,,,,,CHAPTER-62
62114290,621116,,12,,,,,CHAPTER-62
62114300,621117,Of man-made fibres,5,,,,,CHAPTER-62
62114300,621118,,12,,,,,CHAPTER-62
62114910,621119,Of wool or fine animal hair,5,,,,,CHAPTER-62
62114910,621120,,12,,,,,CHAPTER-62
62114990,621121,Other,5,,,,,CHAPTER-62
62114990,621122,,12,,,,,CHAPTER-62
62121000,621201,Brassieres,5,,,,,CHAPTER-62
62121000,621202,,12,,,,,CHAPTER-62
62122000,621203,Girdles and panty-girdles,5,,,,,CHAPTER-62
62122000,621204,,12,,,,,CHAPTER-62
62123000,621205,Corselettes,5,,,,,CHAPTER-62
62123000,621206,,12,,,,,CHAPTER-62
62129010,621207,"Suspender belts, braces, suspender garters",5,,,,,CHAPTER-62
62129010,621208,,12,,,,,CHAPTER-62
62129090,621209,Other,5,,,,,CHAPTER-62
62129090,621210,,12,,,,,CHAPTER-62
62132000,621301,Of cotton,5,,,,,CHAPTER-62
62132000,621302,,12,,,,,CHAPTER-62
62139010,621303,Of man-made fibres,5,,,,,CHAPTER-62
62139010,621304,,12,,,,,CHAPTER-62
62139090,621305,Of other textile materials,5,,,,,CHAPTER-62
62139090,621306,,12,,,,,CHAPTER-62
62141010,621401,Scarves of silk measuring 60 cms or less,5,,,,,CHAPTER-62
62141010,621402,,12,,,,,CHAPTER-62
62141020,621403,"Shawls, scarves (exceeding 60 cms) and the like",5,,,,,CHAPTER-62
62141020,621404,,12,,,,,CHAPTER-62
62141030,621405,Of Handoom,5,,,,,CHAPTER-62
62141030,621406,,12,,,,,CHAPTER-62
62141090,621407,Other,5,,,,,CHAPTER-62
62141090,621408,,12,,,,,CHAPTER-62
62142010,621409,Shawls,5,,,,,CHAPTER-62
62142010,621410,,12,,,,,CHAPTER-62
62142020,621411,Scarfs,5,,,,,CHAPTER-62
62142020,621412,,12,,,,,CHAPTER-62
62142030,621413,Mufflers,5,,,,,CHAPTER-62
62142030,621414,,12,,,,,CHAPTER-62
62142090,621415,Others,5,,,,,CHAPTER-62
62142090,621416,,12,,,,,CHAPTER-62
62143000,621417,Of synthetic fibres,5,,,,,CHAPTER-62
62143000,621418,,12,,,,,CHAPTER-62
62144000,621419,Of artificial fibres,5,,,,,CHAPTER-62
62144000,621420,,12,,,,,CHAPTER-62
62149010,621421,"Abrabroomal, cotton,Chadars, cotton",5,,,,,CHAPTER-62
62149010,621422,,12,,,,,CHAPTER-62
62149021,621423,Grey,5,,,,,CHAPTER-62
62149021,621424,,12,,,,,CHAPTER-62
62149022,621425,White bleached,5,,,,,CHAPTER-62
62149022,621426,,12,,,,,CHAPTER-62
62149029,621427,"Other Odhani, cotton :",5,,,,,CHAPTER-62
62149029,621428,,12,,,,,CHAPTER-62
62149031,621429,Grey,5,,,,,CHAPTER-62
62149031,621430,,12,,,,,CHAPTER-62
62149032,621431,White bleached,5,,,,,CHAPTER-62
62149032,621432,,12,,,,,CHAPTER-62
62149039,621433,Other,5,,,,,CHAPTER-62
62149039,621434,,12,,,,,CHAPTER-62
62149040,621435,"Scarves, cotton",5,,,,,CHAPTER-62
62149040,621436,,12,,,,,CHAPTER-62
62149050,621437,"Shawls, mufflers and the like of cotton",5,,,,,CHAPTER-62
62149050,621438,,12,,,,,CHAPTER-62
62149060,621439,"Shawls, mufflers and the like of man-made fibres",5,,,,,CHAPTER-62
62149060,621440,,12,,,,,CHAPTER-62
62149090,621441,Other,5,,,,,CHAPTER-62
62149090,621442,,12,,,,,CHAPTER-62
62151000,621501,Of silk or silk waste,5,,,,,CHAPTER-62
62151000,621502,,12,,,,,CHAPTER-62
62152000,621503,Of man-made fibres,5,,,,,CHAPTER-62
62152000,621504,,12,,,,,CHAPTER-62
62159010,621505,Of Cotton,5,,,,,CHAPTER-62
62159010,621506,,12,,,,,CHAPTER-62
62159090,621507,Other,5,,,,,CHAPTER-62
62159090,621508,,12,,,,,CHAPTER-62
62160010,621601,Of Cotton,5,,,,,CHAPTER-62
62160010,621602,,12,,,,,CHAPTER-62
62160020,621603,Of handloom,5,,,,,CHAPTER-62
62160020,621604,,12,,,,,CHAPTER-62
62160090,621605,Other,5,,,,,CHAPTER-62
62160090,621606,,12,,,,,CHAPTER-62
62171010,621701,For articles of apparel of cotton,5,,,,,CHAPTER-62
62171010,621702,,12,,,,,CHAPTER-62
62171020,621703,For articles of apparel of synthetic kg. 10% -fibres,5,,,,,CHAPTER-62
62171020,621704,,12,,,,,CHAPTER-62
62171030,621705,For articles of apparel of wool,5,,,,,CHAPTER-62
62171030,621706,,12,,,,,CHAPTER-62
62171040,621707,For articles of apparel of silk,5,,,,,CHAPTER-62
62171040,621708,,12,,,,,CHAPTER-62
62171050,621709,For articles of apparel of regenerated fibre,5,,,,,CHAPTER-62
62171050,621710,,12,,,,,CHAPTER-62
62171060,621711,For articles of apparel of other fibres,5,,,,,CHAPTER-62
62171060,621712,,12,,,,,CHAPTER-62
62171070,621713,"Stockings, socks sockettes and the like of cotton",5,,,,,CHAPTER-62
62171070,621714,,12,,,,,CHAPTER-62
62171090,621715,Other,5,,,,,CHAPTER-62
62171090,621716,,12,,,,,CHAPTER-62
62179010,621717,Collar cuffs and the like of cotton,5,,,,,CHAPTER-62
62179010,621718,,12,,,,,CHAPTER-62
62179020,621719,Of silk,5,,,,,CHAPTER-62
62179020,621720,,12,,,,,CHAPTER-62
62179030,621721,Of wool,5,,,,,CHAPTER-62
62179030,621722,,12,,,,,CHAPTER-62
62179040,621723,Separately presented removable linings for raincoats and other,5,,,,,CHAPTER-62
62179040,621724,,12,,,,,CHAPTER-62
62179090,621725,Other,5,,,,,CHAPTER-62
62179090,621726,,12,,,,,CHAPTER-62
63011000,630101,Electric blankets,5,,,,,CHAPTER-63
63011000,630102,,12,,,,,CHAPTER-63
63012000,630103,"Blankets (other than electric blankets) andtravelling rugs, of wool or fine animal hair",5,,,,,CHAPTER-63
63012000,630104,,12,,,,,CHAPTER-63
63013000,630105,"Blankets (other than electric blankets) andtravelling rugs, of cotton",5,,,,,CHAPTER-63
63013000,630106,,12,,,,,CHAPTER-63
63014000,630107,"Blankets (other than electric blankets) and travelling rugs, of synthetic fibres",5,,,,,CHAPTER-63
63014000,630108,,12,,,,,CHAPTER-63
63019010,630109,Jute blankets including blankets of blended jute,5,,,,,CHAPTER-63
63019010,630110,,12,,,,,CHAPTER-63
63019090,630111,Other,5,,,,,CHAPTER-63
63019090,630112,,12,,,,,CHAPTER-63
63021010,63021001,,5,,,,,CHAPTER-63
63021010,63021002,,12,,,,,CHAPTER-63
63025900,,,,,,,,CHAPTER-63
63025900,,,,,,,,CHAPTER-63
63026010,,,,,,,,CHAPTER-63
63026010,,,,,,,,CHAPTER-63
63026090,,,,,,,,CHAPTER-63
63026090,,,,,,,,CHAPTER-63
63029110,,,,,,,,CHAPTER-63
63029110,,,,,,,,CHAPTER-63
63029190,,,,,,,,CHAPTER-63
63029190,,,,,,,,CHAPTER-63
63029300,,,,,,,,CHAPTER-63
63029300,,,,,,,,CHAPTER-63
63029900,,,,,,,,CHAPTER-63
63029900,,,,,,,,CHAPTER-63
63031200,630301,Of synthetic fibres,5,,,,,CHAPTER-63
63031200,630302,,12,,,,,CHAPTER-63
63031900,630303,Of other textile materials Other,5,,,,,CHAPTER-63
63031900,630304,,12,,,,,CHAPTER-63
63039100,630305,Of cotton,5,,,,,CHAPTER-63
63039100,630306,,12,,,,,CHAPTER-63
63039200,630307,Of synthetic fibres,5,,,,,CHAPTER-63
63039200,630308,,12,,,,,CHAPTER-63
63039910,630309,Silk shower curtains,5,,,,,CHAPTER-63
63039910,630310,,12,,,,,CHAPTER-63
63039990,630311,Other,5,,,,,CHAPTER-63
63039990,630312,,12,,,,,CHAPTER-63
63041100,630401,Knitted or crocheted,5,,,,,CHAPTER-63
63041100,630402,,12,,,,,CHAPTER-63
63041910,630403,"Bedsheets and bedcovers, of cotton",5,,,,,CHAPTER-63
63041910,630404,,12,,,,,CHAPTER-63
63041920,630405,Bedspreads of silk,5,,,,,CHAPTER-63
63041920,630406,,12,,,,,CHAPTER-63
63041930,630407,Bedsheets and bedcovers of man-made fibres,5,,,,,CHAPTER-63
63041930,630408,,12,,,,,CHAPTER-63
63041940,630409,"Bed sheets and Bed covers of cotton, Handloom",5,,,,,CHAPTER-63
63041940,630410,,12,,,,,CHAPTER-63
63041990,630411,Other,5,,,,,CHAPTER-63
63041990,630412,,12,,,,,CHAPTER-63
63042000,630413,,5,,,,,CHAPTER-63
63042000,630414,,12,,,,,CHAPTER-63
63049110,630415,Silk belt,5,,,,,CHAPTER-63
63049110,630416,,12,,,,,CHAPTER-63
63049120,630417,Woollen cushion cover,5,,,,,CHAPTER-63
63049120,630418,,12,,,,,CHAPTER-63
63049190,630419,Other,5,,,,,CHAPTER-63
63049190,630420,,12,,,,,CHAPTER-63
63049211,630421,Of Handloom,5,,,,,CHAPTER-63
63049211,630422,,12,,,,,CHAPTER-63
63049219,630423,Other Napkins,5,,,,,CHAPTER-63
63049219,630424,,12,,,,,CHAPTER-63
63049221,630425,Of Handloom,5,,,,,CHAPTER-63
63049221,630426,,12,,,,,CHAPTER-63
63049229,630427,Other Pillow cases and pillow slips,5,,,,,CHAPTER-63
63049229,630428,,12,,,,,CHAPTER-63
63049231,630429,Of Handloom,5,,,,,CHAPTER-63
63049231,630430,,12,,,,,CHAPTER-63
63049239,630431,Other,5,,,,,CHAPTER-63
63049239,630432,,12,,,,,CHAPTER-63
63049241,630433,Table cloth and Table Covers of Handloom,5,,,,,CHAPTER-63
63049241,630434,,12,,,,,CHAPTER-63
63049249,630435,Other,5,,,,,CHAPTER-63
63049249,630436,,12,,,,,CHAPTER-63
63049250,630437,Terry towel,5,,,,,CHAPTER-63
63049250,630438,,12,,,,,CHAPTER-63
63049260,630439,"Towels, other than terry towel",5,,,,,CHAPTER-63
63049260,630440,,12,,,,,CHAPTER-63
63049270,630441,Mosquito nets Cushion covers,5,,,,,CHAPTER-63
63049270,630442,,12,,,,,CHAPTER-63
63049281,630443,Of Handloom,5,,,,,CHAPTER-63
63049281,630444,,12,,,,,CHAPTER-63
63049289,630445,Other Other furnishing articles,5,,,,,CHAPTER-63
63049289,630446,,12,,,,,CHAPTER-63
63049291,630447,Of Handloom,5,,,,,CHAPTER-63
63049291,630448,,12,,,,,CHAPTER-63
63049299,630449,Other,5,,,,,CHAPTER-63
63049299,630450,,12,,,,,CHAPTER-63
63049300,630451,"Not knitted or crocheted, of synthetic fibres",5,,,,,CHAPTER-63
63049300,630452,,12,,,,,CHAPTER-63
63049910,630453,Silk cushion covers Other,5,,,,,CHAPTER-63
63049910,630454,,12,,,,,CHAPTER-63
63049991,630455,"Of silk, Handloom",5,,,,,CHAPTER-63
63049991,630456,,12,,,,,CHAPTER-63
63049992,630457,"Of wool, Handloom",5,,,,,CHAPTER-63
63049992,630458,,12,,,,,CHAPTER-63
63049999,630459,Other,5,,,,,CHAPTER-63
63049999,630460,,12,,,,,CHAPTER-63
63051010,630501,Jute bagging for raw cotton,5,,,,,CHAPTER-63
63051010,630502,,12,,,,,CHAPTER-63
63051020,630503,Jute corn (grains) sacks,5,,,,,CHAPTER-63
63051020,630504,,12,,,,,CHAPTER-63
63051030,630505,Jute hessian bags,5,,,,,CHAPTER-63
63051030,630506,,12,,,,,CHAPTER-63
63051040,630507,Jute sacking bags,5,,,,,CHAPTER-63
63051040,630508,,12,,,,,CHAPTER-63
63051050,630509,Jute wool sacks,5,,,,,CHAPTER-63
63051050,630510,,12,,,,,CHAPTER-63
63051060,630511,Plastic coated or paper cum polythene lined jute bags and sacks,5,,,,,CHAPTER-63
63051060,630512,,12,,,,,CHAPTER-63
63051070,630513,Paper laminated hessian jute,5,,,,,CHAPTER-63
63051070,630514,,12,,,,,CHAPTER-63
63051080,630515,Jute soil savers,5,,,,,CHAPTER-63
63051080,630516,,12,,,,,CHAPTER-63
63051090,630517,Other,5,,,,,CHAPTER-63
63051090,630518,,12,,,,,CHAPTER-63
63052000,630519,Of cotton Of man-made textile materials :,5,,,,,CHAPTER-63
63052000,630520,,12,,,,,CHAPTER-63
63053200,630521,Flexible intermediate bulk containers,5,,,,,CHAPTER-63
63053200,630522,,12,,,,,CHAPTER-63
63053300,630523,"Other, of polyethylene or polypropylene strip or the like",5,,,,,CHAPTER-63
63053300,630524,,12,,,,,CHAPTER-63
63053900,630525,Other,5,,,,,CHAPTER-63
63053900,630526,,12,,,,,CHAPTER-63
63059000,630527,Of other textile materials,5,,,,,CHAPTER-63
63059000,630528,,12,,,,,CHAPTER-63
63061200,630601,Of synthetic fibres,5,,,,,CHAPTER-63
63061200,630602,,12,,,,,CHAPTER-63
63061910,630603,Jute tarpaulins (including DW tarpaulin),5,,,,,CHAPTER-63
63061910,630604,,12,,,,,CHAPTER-63
63061920,630605,Blinds or awnings of coir,5,,,,,CHAPTER-63
63061920,630606,,12,,,,,CHAPTER-63
63061930,630607,Venetian or Austrian blinds,5,,,,,CHAPTER-63
63061930,630608,,12,,,,,CHAPTER-63
63061990,630609,Other Tents,5,,,,,CHAPTER-63
63061990,630610,,12,,,,,CHAPTER-63
63062200,630611,Of synthetic fibres,5,,,,,CHAPTER-63
63062200,630612,,12,,,,,CHAPTER-63
63062910,630613,Of jute,5,,,,,CHAPTER-63
63062910,630614,,12,,,,,CHAPTER-63
63062990,630615,Other,5,,,,,CHAPTER-63
63062990,630616,,12,,,,,CHAPTER-63
63063000,630617,Sails,5,,,,,CHAPTER-63
63063000,630618,,12,,,,,CHAPTER-63
63064000,630619,Pneumatic mattresses,5,,,,,CHAPTER-63
63064000,630620,,12,,,,,CHAPTER-63
63069010,630621,Of cotton,5,,,,,CHAPTER-63
63069010,630622,,12,,,,,CHAPTER-63
63069090,630623,Of other textile materials,5,,,,,CHAPTER-63
63069090,630624,,12,,,,,CHAPTER-63
63071010,630701,Of cotton,5,,,,,CHAPTER-63
63071010,630702,,12,,,,,CHAPTER-63
63071020,630703,Of man-made fibres,5,,,,,CHAPTER-63
63071020,630704,,12,,,,,CHAPTER-63
63071030,630705,"Of Cotton, Handloom",5,,,,,CHAPTER-63
63071030,630706,,12,,,,,CHAPTER-63
63071090,630707,Other,5,,,,,CHAPTER-63
63071090,630708,,12,,,,,CHAPTER-63
63072010,630709,Of cotton,5,,,,,CHAPTER-63
63072010,630710,,12,,,,,CHAPTER-63
63072090,630711,Other,5,,,,,CHAPTER-63
63072090,630712,,12,,,,,CHAPTER-63
63079011,630713,Of cotton,5,,,,,CHAPTER-63
63079011,630714,,12,,,,,CHAPTER-63
63079012,630715,Of silk,5,,,,,CHAPTER-63
63079012,630716,,12,,,,,CHAPTER-63
63079013,630717,Of man-made fibres,5,,,,,CHAPTER-63
63079013,630718,,12,,,,,CHAPTER-63
63079019,630719,Other,5,,,,,CHAPTER-63
63079019,630720,,12,,,,,CHAPTER-63
63079020,630721,Made up articles of cotton,5,GST rate for Indian National Flag is Nil.,,,,CHAPTER-63
63079020,630722,,12,,,,,CHAPTER-63
63079090,630723,Other,5,,,,,CHAPTER-63
63079090,630724,,12,,,,,CHAPTER-63
63080000,,,,Not dealt in GST Schedule,,,,CHAPTER-63
63080000,,,,,,,,CHAPTER-63
63090000,630901,WORN CLOTHING AND OTHER WORN ARTICLES,5,,,,,CHAPTER-63
63090000,630902,,12,,,,,CHAPTER-63
63101010,631001,Woollen rags,5,,,,,CHAPTER-63
63101010,631002,,12,,,,,CHAPTER-63
63101020,631003,Cotton rags,5,,,,,CHAPTER-63
63101020,631004,,12,,,,,CHAPTER-63
63101030,631005,Gunny cuttings,5,,,,,CHAPTER-63
63101030,631006,,12,,,,,CHAPTER-63
63101090,631007,Other Other,5,,,,,CHAPTER-63
63101090,631008,,12,,,,,CHAPTER-63
63109010,631009,Woolen rags,5,,,,,CHAPTER-63
63109010,631010,,12,,,,,CHAPTER-63
63109020,631011,Cotton rags,5,,,,,CHAPTER-63
63109020,631012,,12,,,,,CHAPTER-63
63109030,631013,Gunny cuttings,5,,,,,CHAPTER-63
63109030,631014,,12,,,,,CHAPTER-63
63109040,631015,Synthetic rags,5,,,,,CHAPTER-63
63109040,631016,,12,,,,,CHAPTER-63
63109090,631017,Other,5,,,,,CHAPTER-63
63109090,631018,,12,,,,,CHAPTER-63
,,,"Footwear having a retail sale price not exceeding Rs.500 per pair, provided that such retail sale price is indelibly marked or embossed on the footwear itself.",,,,,CHAPTER-63
64011010,640101,Of rubber,5,,,,,CHAPTER-64
64011010,640102,,18,,,,,CHAPTER-64
64011090,640103,Other Other footwear,5,,,,,CHAPTER-64
64011090,640104,,18,,,,,CHAPTER-64
64019210,640105,Of rubber,5,,,,,CHAPTER-64
64019210,640106,,18,,,,,CHAPTER-64
64019290,640107,Other,5,,,,,CHAPTER-64
64019290,640108,,18,,,,,CHAPTER-64
64019910,640109,Of rubber,5,,,,,CHAPTER-64
64019910,640110,,18,,,,,CHAPTER-64
64019990,640111,Other,5,,,,,CHAPTER-64
64019990,640112,,18,,,,,CHAPTER-64
64021210,640201,Of rubber,5,,,,,CHAPTER-64
64021210,640202,,18,,,,,CHAPTER-64
64021290,640203,Other,5,,,,,CHAPTER-64
64021290,640204,,18,,,,,CHAPTER-64
64021910,640205,Of rubber,5,,,,,CHAPTER-64
64021910,640206,,18,,,,,CHAPTER-64
64021990,640207,Other,5,,,,,CHAPTER-64
64021990,640208,,18,,,,,CHAPTER-64
64022010,640209,Of rubber,5,,,,,CHAPTER-64
64022010,640210,,18,,,,,CHAPTER-64
64022090,640211,Other,5,,,,,CHAPTER-64
64022090,640212,,18,,,,,CHAPTER-64
64029110,640213,Of rubber,5,,,,,CHAPTER-64
64029110,640214,,18,,,,,CHAPTER-64
64029190,640215,Other,5,,,,,CHAPTER-64
64029190,640216,,18,,,,,CHAPTER-64
64029910,640217,Of rubber,5,,,,,CHAPTER-64
64029910,640218,,18,,,,,CHAPTER-64
64029990,640219,Other,5,,,,,CHAPTER-64
64029990,640220,,18,,,,,CHAPTER-64
64031200,640301,"Ski-boots, cross-country ski footwear and snowboard boots",5,,,,,CHAPTER-64
64031200,640302,,18,,,,,CHAPTER-64
64031910,640303,With outer soles of leather,5,,,,,CHAPTER-64
64031910,640304,,18,,,,,CHAPTER-64
64031920,640305,With outer soles of rubber,5,,,,,CHAPTER-64
64031920,640306,,18,,,,,CHAPTER-64
64031990,640307,Other,5,,,,,CHAPTER-64
64031990,640308,,18,,,,,CHAPTER-64
64032011,640309,For men,5,,,,,CHAPTER-64
64032011,640310,,18,,,,,CHAPTER-64
64032012,640311,For women,5,,,,,CHAPTER-64
64032012,640312,,18,,,,,CHAPTER-64
64032013,640313,For children,5,,,,,CHAPTER-64
64032013,640314,,18,,,,,CHAPTER-64
64032019,640315,"Other All leather, open toe",5,,,,,CHAPTER-64
64032019,640316,,18,,,,,CHAPTER-64
64032021,640317,For men,5,,,,,CHAPTER-64
64032021,640318,,18,,,,,CHAPTER-64
64032022,640319,For women,5,,,,,CHAPTER-64
64032022,640320,,18,,,,,CHAPTER-64
64032023,640321,For children,5,,,,,CHAPTER-64
64032023,640322,,18,,,,,CHAPTER-64
64032029,640323,Others,5,,,,,CHAPTER-64
64032029,640324,,18,,,,,CHAPTER-64
64032030,640325,Of leather soles with embroidered uppers,5,,,,,CHAPTER-64
64032030,640326,,18,,,,,CHAPTER-64
64032040,640327,Kolapuri chappals and similar footwear,5,,,,,CHAPTER-64
64032040,640328,,18,,,,,CHAPTER-64
64032090,640329,Other,5,,,,,CHAPTER-64
64032090,640330,,18,,,,,CHAPTER-64
64034000,640331,"Other footwear, incorporating a protective metal toe-cap",5,,,,,CHAPTER-64
64034000,640332,,18,,,,,CHAPTER-64
64035111,640333,For men,5,,,,,CHAPTER-64
64035111,640334,,18,,,,,CHAPTER-64
64035112,640335,For women,5,,,,,CHAPTER-64
64035112,640336,,18,,,,,CHAPTER-64
64035113,640337,For children,5,,,,,CHAPTER-64
64035113,640338,,18,,,,,CHAPTER-64
64035119,640339,Other,5,,,,,CHAPTER-64
64035119,640340,,18,,,,,CHAPTER-64
64035190,640341,Other,5,,,,,CHAPTER-64
64035190,640342,,18,,,,,CHAPTER-64
64035910,640343,For men,5,,,,,CHAPTER-64
64035910,640344,,18,,,,,CHAPTER-64
64035920,640345,For women,5,,,,,CHAPTER-64
64035920,640346,,18,,,,,CHAPTER-64
64035930,640347,For children,5,,,,,CHAPTER-64
64035930,640348,,18,,,,,CHAPTER-64
64035990,640349,Other Other Footwear,5,,,,,CHAPTER-64
64035990,640350,,18,,,,,CHAPTER-64
64039110,640351,Leather boots and other footwear with rubber sole,5,,,,,CHAPTER-64
64039110,640352,,18,,,,,CHAPTER-64
64039120,640353,rubber sole Leather footwear with plastic and synthetic sole,5,,,,,CHAPTER-64
64039120,640354,,18,,,,,CHAPTER-64
64039190,640355,Other,5,,,,,CHAPTER-64
64039190,640356,,18,,,,,CHAPTER-64
64039910,640357,Leather sandals with rubber sole,5,,,,,CHAPTER-64
64039910,640358,,18,,,,,CHAPTER-64
64039920,640359,Leather sandals with plastic or synthetic sole,5,,,,,CHAPTER-64
64039920,640360,,18,,,,,CHAPTER-64
64039990,640361,Other,5,,,,,CHAPTER-64
64039990,640362,,18,,,,,CHAPTER-64
64041110,640401,"gym shoes, training shoes and the like : Of rubber sole with canvas upper",5,,,,,CHAPTER-64
64041110,640402,,18,,,,,CHAPTER-64
64041120,640403,Of rubber sole with leather cloth uppers,5,,,,,CHAPTER-64
64041120,640404,,18,,,,,CHAPTER-64
64041190,640405,Other,5,,,,,CHAPTER-64
64041190,640406,,18,,,,,CHAPTER-64
64041910,640407,Of rubber sole with canvas upper,5,,,,,CHAPTER-64
64041910,640408,,18,,,,,CHAPTER-64
64041920,640409,Of rubber sole with leather cloth uppers,5,,,,,CHAPTER-64
64041920,640410,,18,,,,,CHAPTER-64
64041990,640411,Other,5,,,,,CHAPTER-64
64041990,640412,,18,,,,,CHAPTER-64
64042000,640413,Footwear with outer soles of leather or composition leather,5,,,,,CHAPTER-64
64042000,640414,,18,,,,,CHAPTER-64
64051000,640501,With uppers of leather or composition leather,5,,,,,CHAPTER-64
64051000,640502,,18,,,,,CHAPTER-64
64052000,640503,With uppers of textile materials,5,,,,,CHAPTER-64
64052000,640504,,18,,,,,CHAPTER-64
64059000,640505,Other,5,,,,,CHAPTER-64
64059000,640506,,18,,,,,CHAPTER-64
64061010,640601,Embroidered uppers of textile materials,18,,,,,CHAPTER-64
64061010,640602,,18,,,,,CHAPTER-64
64061020,640603,Leather uppers (prepared),18,,,,,CHAPTER-64
64061020,640604,,18,,,,,CHAPTER-64
64061030,640605,Goat lining,18,,,,,CHAPTER-64
64061030,640606,,18,,,,,CHAPTER-64
64061040,640607,Sheep lining,18,,,,,CHAPTER-64
64061040,640608,,18,,,,,CHAPTER-64
64061090,640609,Other,18,,,,,CHAPTER-64
64061090,640610,,18,,,,,CHAPTER-64
64062000,640611,"Outer soles and heels,of rubber or plastics",18,,,,,CHAPTER-64
64062000,640612,,18,,,,,CHAPTER-64
64069010,640613,Of wood,18,,,,,CHAPTER-64
64069010,640614,,18,,,,,CHAPTER-64
64069020,640615,Leather parts other than soles and prepared uppers,18,,,,,CHAPTER-64
64069020,640616,,18,,,,,CHAPTER-64
64069030,640617,Leather soles,18,,,,,CHAPTER-64
64069030,640618,,18,,,,,CHAPTER-64
64069040,640619,"Gaiters,leggings and similar articles",18,,,,,CHAPTER-64
64069040,640620,,18,,,,,CHAPTER-64
64069050,640621,"Parts of gaiters,leggings and similar articles",18,,,,,CHAPTER-64
64069050,640622,,18,,,,,CHAPTER-64
64069090,640623,Other,18,,,,,CHAPTER-64
64069090,640624,,18,,,,,CHAPTER-64
65010010,6501,,18,,,,,CHAPTER-65
65010020,6501,,18,,,,,CHAPTER-65
65010090,6501,,18,,,,,CHAPTER-65
65020010,6502,Of cotton,18,,,,,CHAPTER-65
65020020,6502,Of wool,18,,,,,CHAPTER-65
65020090,6502,Other,18,,,,,CHAPTER-65
65040000,6504,"HATS AND OTHER HEADGEAR, PLAITED OR ASSEMBLING STRIPS OF ANY MATERIAL, WHETHER ORNOT LINED OR TRIMMED",18,,,,,CHAPTER-65
65050010,6505,Hair nets,18,,,,,CHAPTER-65
65050090,6505,Other,18,,,,,CHAPTER-65
65061010,650610,Speed glass welding helmets or other helmets meant for industrial use,18,,,,,CHAPTER-65
65061090,650610,Other,18,,,,,CHAPTER-65
65069100,6506,Of rubber or of plastics,18,,,,,CHAPTER-65
65069900,6506,Of other materials,18,,,,,CHAPTER-65
65070000,6507,,18,,,,,CHAPTER-65
66011000,6601,Garden or similar umbrellas,12,,,,,CHAPTER-66
66019100,6601,Having a telescopic shaft,12,,,,,CHAPTER-66
66019900,6601,Other,12,,,,,CHAPTER-66
66020000,6602,"WALKING-STICKS, SEAT- STICKS, WHIPS, RIDING, CROPS",12,,,,,CHAPTER-66
66032000,6603,"Umbrella frames, including frames, mounted",12,,,,,CHAPTER-66
66039010,6603,Umbrella ribs,12,,,,,CHAPTER-66
66039090,6603,Other,12,,,,,CHAPTER-66
67010010,6701,Feather dusters,12,,,,,CHAPTER-67
67010090,6701,Other,12,,,,,CHAPTER-67
67021010,6702,Decorative plants,28,,,,,CHAPTER-67
67021090,6702,Other,28,,,,,CHAPTER-67
67029010,6702,Of jute,28,,,,,CHAPTER-67
67029090,6702,Other,28,,,,,CHAPTER-67
67030010,6703,"Human hair, dressed, thinned, bleached or otherwise worked",0,,,,,CHAPTER-67
67030020,6703,"Wool or other animal hair or other textile, materials, prepared for use in making wigs,or the like",28,,,,,CHAPTER-67
67041100,6704,Complete wigs,28,,,,,CHAPTER-67
67041910,6704,Hair nets,28,,,,,CHAPTER-67
67041990,6704,Other,28,,,,,CHAPTER-67
67042010,6704,Wigs,28,,,,,CHAPTER-67
67042020,6704,Hair nets,28,,,,,CHAPTER-67
67042090,6704,Other,28,,,,,CHAPTER-67
67049000,6704,Of other materials,28,,,,,CHAPTER-67
68010000,6801,"SETTS, CURBSTONES AND FLAGSTONES,OF NATURAL, STONE (EXCEPT SLATE)",28,,,,,CHAPTER-68
68141030,6814,Washers and discs,28,,,,,CHAPTER-68
68141090,6814,Other,28,,,,,CHAPTER-68
68149010,6814,Mica stacked units,28,,,,,CHAPTER-68
68149020,6814,"Silvered mica, capacitor plates or silvered mica plates",28,,,,,CHAPTER-68
68149030,6814,Micanite and all sorts of built up mica,28,,,,,CHAPTER-68
68149040,6814,Micapaper or reconstituted mica paper,28,,,,,CHAPTER-68
68149050,6814,Moulded glass bonded or glass bonded mica,28,,,,,CHAPTER-68
68149060,6814,Mica bricks,28,,,,,CHAPTER-68
68149090,6814,Other,28,,,,,CHAPTER-68
68151010,6815,Graphite filter candle,28,,,,,CHAPTER-68
68151020,6815,Non-electrical articles of graphite,28,,,,,CHAPTER-68
68151090,6815,Other,28,,,,,CHAPTER-68
68152000,6815,Articles of peat,28,,,,,CHAPTER-68
68159100,6815,"Containing magnesite, dolomite or chromite",28,,,,,CHAPTER-68
68159910,6815,Bricks and tiles of fly ash,12,,,,,CHAPTER-68
68159920,6815,"Sanitary wares, kitchen wares and other made up articles of fly ash",28,,,,,CHAPTER-68
68159990,6815,Other,28,,,,,CHAPTER-68
69010010,69010010,Bricks,5,,,,,CHAPTER-69
69010020,6901,Blocks,28,,,,,CHAPTER-69
69010030,6901,Tiles Other,28,,,,,CHAPTER-69
69010090,6901,,28,,,,,CHAPTER-69
69031090,,Other,,,,,,CHAPTER-69
69032010,,,,,,,,CHAPTER-69
69032090,,,,,,,,CHAPTER-69
69039010,,,,,,,,CHAPTER-69
69039020,,,,,,,,CHAPTER-69
69039030,,,,,,,,CHAPTER-69
69039040,,,,,,,,CHAPTER-69
69039090,,,,,,,,CHAPTER-69
69041000,69041000,SUPPORT OR FILLER TILES AND THE LIKE - Building bricks,5,,,,,CHAPTER-69
69049000,6904,- Other,28,,,,,CHAPTER-69
69051000,69051000,Roofing tiles,5,,,,,CHAPTER-69
69059000,6905,Other,28,,,,,CHAPTER-69
69060000,6906,"CERAMIC PIPES, CONDUITS, GUTTERING AND PIPE FITTINGS",28,GST rate for salt Glazed Stone Ware Pipes is 18%,,,,CHAPTER-69
69072100,6907,,28,,,,,CHAPTER-69
69072200,6907,,28,,,,,CHAPTER-69
69072300,6907,,28,,,,,CHAPTER-69
69073010,6907,,28,,,,,CHAPTER-69
69074010,6907,,28,,,,,CHAPTER-69
6908,It has not been dealt in the present CTH for Customs,,28,,,,,CHAPTER-69
69091100,6909,"Ceramic wares for laboratory, chemical or other technical uses : Of porcelain or china",28,,,,,CHAPTER-69
69091200,6909,Articles having a hardness equivalent to 9 or more on the Mohs scale Other :,28,,,,,CHAPTER-69
69091910,6909,Ceramic filter candle,28,,,,,CHAPTER-69
69091990,6909,Other,28,,,,,CHAPTER-69
69099000,6909,Other,28,,,,,CHAPTER-69
69101000,6910,Of porcelain or china,28,,,,,CHAPTER-69
69109000,6910,Other,28,,,,,CHAPTER-69
69111011,6911,Of bone china and soft porcelain,18,,,,,CHAPTER-69
69111019,6911,Other,18,,,,,CHAPTER-69
69111021,6911,Of Bone china and soft porcelain,18,,,,,CHAPTER-69
69111029,6911,Other,18,,,,,CHAPTER-69
69119010,6911,Toilet articles,18,,,,,CHAPTER-69
69119020,6911,Water filters of a capacity not exceeding 40 litres,18,,,,,CHAPTER-69
69119090,6911,Other,18,,,,,CHAPTER-69
69120010,6912,Tableware,18,,,,,CHAPTER-69
69120020,6912,Kitchenware,18,,,,,CHAPTER-69
69120030,6912,Toilet articles,18,,,,,CHAPTER-69
69120040,69120040,Clay articles,0,,,,,CHAPTER-69
69120090,6912,Other,18,,,,,CHAPTER-69
69131000,6913,Of porcelain or china,28,,,,,CHAPTER-69
69139000,6913,Other,28,,,,,CHAPTER-69
69141000,6914,Of porcelain or china,28,,,,,CHAPTER-69
69149000,6914,Other,28,,,,,CHAPTER-69
70010010,7001,of glass; glass in the mass : Cullet and other waste and scrap of glass,18,,,,,CHAPTER-70
70010020,7001,Enamel glass in the mass,18,,,,,CHAPTER-70
70010090,7001,Other,18,,,,,CHAPTER-70
70021000,7002,Balls,18,,,,,CHAPTER-70
70022010,7002,Enamel glass rods,18,,,,,CHAPTER-70
70022090,7002,Other,18,,,,,CHAPTER-70
70023100,7002,Of fused quartz or other fused silica,18,,,,,CHAPTER-70
70023200,7002,Of other glass having a linear coefficient of xpansion not exceeding Kelvin within a temperature range of 0 C to 300 C 0 0,18,,,,,CHAPTER-70
70023900,7002,Other,18,,,,,CHAPTER-70
70031210,7003,Tinted,28,,,,,CHAPTER-70
70031290,7003,Other,28,,,,,CHAPTER-70
70031910,7003,Tinted,28,,,,,CHAPTER-70
70031990,7003,Other,28,,,,,CHAPTER-70
70032010,7003,Tinted,28,,,,,CHAPTER-70
70032090,7003,Other,28,,,,,CHAPTER-70
70033010,7003,Tinted,28,,,,,CHAPTER-70
70033090,7003,Other,28,,,,,CHAPTER-70
70042011,7004,Tinted,28,,,,,CHAPTER-70
70042019,7004,Other,28,,,,,CHAPTER-70
70042091,7004,Tinted,28,,,,,CHAPTER-70
70042099,7004,Other,28,,,,,CHAPTER-70
70049011,7004,Tinted,28,,,,,CHAPTER-70
70049019,7004,Other,28,,,,,CHAPTER-70
70049091,7004,Tinted,28,,,,,CHAPTER-70
70049099,7004,Other,28,,,,,CHAPTER-70
70051010,7005,Tinted,28,,,,,CHAPTER-70
70051090,7005,Other,28,,,,,CHAPTER-70
70052110,7005,Tinted,28,,,,,CHAPTER-70
70052190,7005,Other,28,,,,,CHAPTER-70
70052910,7005,Tinted,28,,,,,CHAPTER-70
70052990,7005,Other,28,,,,,CHAPTER-70
70053010,7005,Tinted,28,,,,,CHAPTER-70
70053090,7005,Other,28,,,,,CHAPTER-70
70060000,7006,OMITTED,28,,,,,CHAPTER-70
70071100,7007,"Of size and shape suitable for incorporation in vehicles, aircraft, spacecraft or vessels",28,,,,,CHAPTER-70
70071900,7007,Other,28,,,,,CHAPTER-70
70072110,7007,Bullet proof glass,28,,,,,CHAPTER-70
70072190,7007,Other,28,,,,,CHAPTER-70
70072900,7007,Other,28,,,,,CHAPTER-70
70080010,7008,"Glazed glass, double walled",28,,,,,CHAPTER-70
70080020,7008,"Glazed glass, multiple walled",28,,,,,CHAPTER-70
70080090,7008,Other,28,,,,,CHAPTER-70
70091010,7009,Prismatic rear-view mirror for vehicles,28,,,,,CHAPTER-70
70091090,7009,Other,28,,,,,CHAPTER-70
70099100,7009,Unframed,28,,,,,CHAPTER-70
70099200,7009,Framed,28,,,,,CHAPTER-70
70101000,7010,Ampoules,18,,,,,CHAPTER-70
70102000,7010,"Stoppers, lids and other closures",18,,,,,CHAPTER-70
70109000,7010,Other,18,,,,,CHAPTER-70
70111010,7011,Glass envelopes for fluorescent lamps,28,,,,,CHAPTER-70
70111020,7011,Glass envelopes for filament lamps,28,,,,,CHAPTER-70
70111090,7011,Other,28,,,,,CHAPTER-70
70112000,7011,For cathode-ray tubes,28,,,,,CHAPTER-70
70119010,7011,Glass envelopes for electronic valves,28,,,,,CHAPTER-70
70119090,7011,Other,28,,,,,CHAPTER-70
7012,Blank in Tariff,,,,,,,CHAPTER-70
70131000,7013,,18,,,,,CHAPTER-70
70132200,7013,Of lead crystal,18,,,,,CHAPTER-70
70132800,7013,"Other - Other drinking glasses, other than of glassceramics",18,,,,,CHAPTER-70
70133300,7013,Of lead crystal,18,,,,,CHAPTER-70
70133700,7013,"Other - Glassware of a kind used for table (other than drinking glasses) or kitchen purposes, other than of glass-ceramics",18,,,,,CHAPTER-70
70134100,7013,Of lead crystal,18,,,,,CHAPTER-70
70134200,7013,"Of glass having a linear coefficient of expansion not exceeding 5 x 10 -6 per Kelvin within a temperature range of 0 °C to 300 °C,::",18,,,,,CHAPTER-70
70134900,7013,Other,18,,,,,CHAPTER-70
70139100,7013,Of lead crystal,18,,,,,CHAPTER-70
70139900,7013,Other,18,,,,,CHAPTER-70
70140010,7014,Signalling glassware,28,,,,,CHAPTER-70
70140020,7014,Optical elements,28,,,,,CHAPTER-70
70151010,701510,Ophthalmic rough blanks,12,,,,,CHAPTER-70
70151020,701510,Flint button,12,,,,,CHAPTER-70
70151090,701510,Other,12,,,,,CHAPTER-70
70159010,7015,,18,,,,,CHAPTER-70
70159020,7015,Glass for sun glasses,28,,,,,CHAPTER-70
70159090,7015,Other,28,,,,,CHAPTER-70
70161000,7016,"Glass cubes and other glass smallwares, whether or not on a backing, for mosaics or similar decorative purposes",28,,,,,CHAPTER-70
70169000,7016,Other,28,,,,,CHAPTER-70
70171000,7017,Of fused quartz or other fused silica,18,,,,,CHAPTER-70
70172000,7017,Of other glass having a linear coefficient of expansion not exceeding 5 x 10 per Kelvin within a -6 temperature range of 0 C to 0 300 C 0,18,,,,,CHAPTER-70
70179010,7017,Graduated or calibrated laboratory glassware,18,,,,,CHAPTER-70
70179020,7017,Pharmaceutical glassware,18,,,,,CHAPTER-70
70179030,7017,Hygienic glassware,18,,,,,CHAPTER-70
70179090,7017,Other,18,GST rate is NIL for Bangles (except those made from precious metals),,,,CHAPTER-70
70181010,7018,Bangles,18,,,,,CHAPTER-70
70181020,7018,Beads,18,,,,,CHAPTER-70
70181090,7018,Other,18,,,,,CHAPTER-70
70182000,7018,Glass microspheres not exceeding 1 mm in diameter,18,,,,,CHAPTER-70
70189010,7018,Glass statues,18,,,,,CHAPTER-70
70189090,7018,Other,18,,,,,CHAPTER-70
70191100,7019,"Chopped strands, of a length of not more than 50 mm",18,,,,,CHAPTER-70
70191200,7019,Rovings,18,,,,,CHAPTER-70
70191900,7019,Other,18,,,,,CHAPTER-70
70193100,7019,Mats,18,,,,,CHAPTER-70
70193200,7019,Thin sheets (voiles),18,,,,,CHAPTER-70
70193900,7019,Other,18,,,,,CHAPTER-70
70194000,7019,Woven fabrics of rovings,18,,,,,CHAPTER-70
70195100,7019,Of a width not exceeding 30 cm,18,,,,,CHAPTER-70
70195200,7019,"Of a width exceeding 30 cm, plain weave weighing less than 250 g/sq. metre, of filaments measuring per single yarn not more than 136 tex",18,,,,,CHAPTER-70
70195900,7019,Other,18,,,,,CHAPTER-70
70199010,7019,Glass wool or glass fibre,18,,,,,CHAPTER-70
70199090,7019,Other,18,,,,,CHAPTER-70
70200011,7020,Globes for lamps and lanterns,12,,,,,CHAPTER-70
70200012,7020,Founts for kerosene wick lamps,12,,,,,CHAPTER-70
70200019,7020,Other,28,,,,,CHAPTER-70
70200021,7020,For lamps and lanterns,12,,,,,CHAPTER-70
70200029,7020,Other,28,,,,,CHAPTER-70
70200090,7020,Other,28,,,,,CHAPTER-70
71011010,7101,Unworked,3,,,,,CHAPTER-71
71011020,7101,Worked,3,,,,,CHAPTER-71
71012100,7101,Unworked,3,,,,,CHAPTER-71
71012200,7101,Worked,3,,,,,CHAPTER-71
71021000,7102,Unsorted,3,,,,,CHAPTER-71
71022110,7102,Sorted,0.25,,,,,CHAPTER-71
71022120,7102,Unsorted,0.25,,,,,CHAPTER-71
71022910,7102,Crushed,3,,,,,CHAPTER-71
71022990,7102,Other,3,,,,,CHAPTER-71
71023100,7102,"Unworked or simply sawn, cleaved or bruted",0.25,,,,,CHAPTER-71
71023910,7102,"Diamond, cut or otherwise worked but not -mounted or set",3,,,,,CHAPTER-71
71023990,7102,Other,3,,,,,CHAPTER-71
71031011,7103,Emeraldkg.,3,,,,,CHAPTER-71
71031012,7103,Ruby and sapphire,3,,,,,CHAPTER-71
71031019,7103,Other,3,,,,,CHAPTER-71
71031021,7103,Feldspar (Moon stone),3,,,,,CHAPTER-71
71031022,7103,Garnet,3,,,,,CHAPTER-71
71031023,7103,Agate,3,,,,,CHAPTER-71
71031024,7103,Green aventurine,3,,,,,CHAPTER-71
71031029,7103,"Other Ruby, sapphire and emeralds",3,,,,,CHAPTER-71
71039100,7103,,3,,,,,CHAPTER-71
71039910,7103,Feldspar (Moon stone),3,,,,,CHAPTER-71
71039920,7103,Garnet,3,,,,,CHAPTER-71
71039930,7103,Agate,3,,,,,CHAPTER-71
71039940,7103,Chalcedony,3,,,,,CHAPTER-71
71039990,7103,Other,3,,,,,CHAPTER-71
71041000,7104,"Piezo-electric quartz Other, unworked or simply sawn or roughly shaped Laboratory created or laboratory grown or man made or cultural or synthetic diamonds",3,,,,,CHAPTER-71
71042000,7104,,3,,,,,CHAPTER-71
71049010,7104,,3,,,,,CHAPTER-71
71049090,7104,Other,3,,,,,CHAPTER-71
71051000,7105,Of diamond,3,,,,,CHAPTER-71
71059000,7105,Other,3,,,,,CHAPTER-71
71061000,7106,Powder,3,,,,,CHAPTER-71
71069100,7106,Unwrought,3,,,,,CHAPTER-71
71069210,7106,"Sheets, plates, strips, tubes and pipes",3,,,,,CHAPTER-71
71069290,7106,Other,3,,,,,CHAPTER-71
71070000,7107,"BASE METALS CLAD WITH SILVER, NOT FURTHER WORKED THAN SEMI-MANUFACTURED",3,,,,,CHAPTER-71
71081100,7108,Powder,3,,,,,CHAPTER-71
71081200,7108,Other unwrought forms,3,,,,,CHAPTER-71
71081300,7108,Other semi-manufactured forms,3,,,,,CHAPTER-71
71082000,7108,Monetary,3,,,,,CHAPTER-71
71090000,7109,"BASE METALS OR SILVER, CLAD WITH GOLD, NOT FURTHER WORKED THAN SEMI- MANUFACTURED",3,,,,,CHAPTER-71
71101110,7110,Unwrought form,3,,,,,CHAPTER-71
71101120,7110,In powder form,3,,,,,CHAPTER-71
71101900,7110,Other,3,,,,,CHAPTER-71
71102100,7110,Unwrought or in powder form,3,,,,,CHAPTER-71
71102900,7110,Other,3,,,,,CHAPTER-71
71103100,7110,Unwrought or in powder from,3,,,,,CHAPTER-71
71103900,7110,Other,3,,,,,CHAPTER-71
71104100,7110,Unwrought or in powder from,3,,,,,CHAPTER-71
71104900,7110,Other,3,,,,,CHAPTER-71
71110000,7111,"BASE METALS, SILVER OR GOLD, CLAD WITH PLATINUM, NOT FURTHER WORKED THAN SEMIMANUFACTURED Ash containing precious metal or precious metal compounds Of gold, including metal clad with gold but excluding sweepings containing other precious metals Of platinum, including metal clad with platinum but excluding sweepings containing other precious metals Of silver, including metal clad with silver but excluding sweepings containing other precious metals",3,,,,,CHAPTER-71
71123000,7112,,3,,,,,CHAPTER-71
71129100,7112,,3,,,,,CHAPTER-71
71129200,7112,,3,,,,,CHAPTER-71
71129910,7112,,3,,,,,CHAPTER-71
71129920,7112,Sweepings containing gold or silver,3,,,,,CHAPTER-71
71129990,7112,Other,3,,,,,CHAPTER-71
71131110,7113,Jewellery with filigree work,3,,,,,CHAPTER-71
71131120,7113,Jewellery studded with gems,3,,,,,CHAPTER-71
71131130,7113,Other articles of Jewellery,3,,,,,CHAPTER-71
71131190,7113,Parts,3,,,,,CHAPTER-71
71131910,7113,"Of other precious metal, whether or not plated or clad with precious metal :",3,,,,,CHAPTER-71
71131920,7113,"Of gold, set with pearls",3,,,,,CHAPTER-71
71131930,7113,"Of gold, set with diamonds",3,,,,,CHAPTER-71
71131940,7113,"Of gold, set with other precious and semi-precious stones",3,,,,,CHAPTER-71
71131950,7113,"Of platinum, unstudded",3,,,,,CHAPTER-71
71131960,7113,Parts,3,,,,,CHAPTER-71
71131990,7113,Other,3,,,,,CHAPTER-71
71132000,7113,Of base metal clad with precious metal,3,,,,,CHAPTER-71
71141110,7114,Articles,3,,,,,CHAPTER-71
71141120,7114,Parts,3,,,,,CHAPTER-71
71141910,7114,Articles of gold,3,,,,,CHAPTER-71
71141920,7114,Articles of platinum,3,,,,,CHAPTER-71
71141930,7114,Parts,3,,,,,CHAPTER-71
71142010,7114,Articles clad with gold,3,,,,,CHAPTER-71
71142020,7114,Other articles,3,,,,,CHAPTER-71
71142030,7114,,3,,,,,CHAPTER-71
71151000,7115,,3,,,,,CHAPTER-71
71159010,7115,,3,,,,,CHAPTER-71
71159020,7115,Spinneret’s made mainly of gold,3,,,,,CHAPTER-71
71159090,7115,Other,3,,,,,CHAPTER-71
71161000,7116,Of natural or cultured pearls,3,,,,,CHAPTER-71
71162000,7116,"Of precious or semi- precious stones (natural, synthetic or reconstructed)",3,,,,,CHAPTER-71
71171100,7117,Cuff-links and studs,3,,,,,CHAPTER-71
71171910,7117,Bangles,3,,,,,CHAPTER-71
71171920,7117,German silver jewellery,3,,,,,CHAPTER-71
71171990,7117,Other,3,,,,,CHAPTER-71
71179010,7117,Jewellery studded with imitation pearls or imitation or synthetic stones,3,,,,,CHAPTER-71
71179090,7117,Other,3,,,,,CHAPTER-71
71181000,7118,"Coin (other than gold coin), not being legal tender",3,,,,,CHAPTER-71
71189000,7118,Other,3,,,,,CHAPTER-71
72011000,7201,Non-alloy pig iron containing by weight 0.5% or less of phosphorus Non-alloy pig iron containing by weight more than 0.5% of phosphorus,18,,,,,CHAPTER-72
72012000,7201,,18,,,,,CHAPTER-72
72015010,7201,Cast iron,18,,,,,CHAPTER-72
72015090,7201,Other,18,,,,,CHAPTER-72
72021100,7202,Containing by weight more than 2% of carbon,18,,,,,CHAPTER-72
72021900,7202,Other,18,,,,,CHAPTER-72
72022100,7202,Containing by weight more than 55% of silicon,18,,,,,CHAPTER-72
72022900,7202,Other,18,,,,,CHAPTER-72
72023000,7202,Ferro-silico-manganese,18,,,,,CHAPTER-72
72024100,7202,Containing by weight more than 4% of carbon,18,,,,,CHAPTER-72
72024900,7202,Other,18,,,,,CHAPTER-72
72025000,7202,Ferro-silico-chromium,18,,,,,CHAPTER-72
72026000,7202,Ferro-nickel,18,,,,,CHAPTER-72
72027000,7202,Ferro-molybdenum,18,,,,,CHAPTER-72
72028000,7202,Ferro tungsten and ferro- silico-tungsten,18,,,,,CHAPTER-72
72029100,7202,Ferro-titanium and Ferro- silico-titanium,18,,,,,CHAPTER-72
72029200,7202,Ferro-vanadium,18,,,,,CHAPTER-72
72029300,7202,Ferro-niobium,18,,,,,CHAPTER-72
72029911,7202,"Ferro-phosphorus, Ferro-selenium, Ferro- cobalt,Ferro-columbium, Ferro-zirconium, Ferro- tantalum : Ferro-phosphorus",18,,,,,CHAPTER-72
72029912,7202,Ferro-selenium,18,,,,,CHAPTER-72
72029913,7202,Ferro-cobalt,18,,,,,CHAPTER-72
72029914,7202,Ferro-columbium,18,,,,,CHAPTER-72
72029915,7202,Ferro-zirconium,18,,,,,CHAPTER-72
72029916,7202,Ferro-tantalum,18,,,,,CHAPTER-72
72029921,7202,Ferro-silico-zirconium,18,,,,,CHAPTER-72
72029922,7202,Ferro-silico-magnesium,18,,,,,CHAPTER-72
72029931,7202,Ferro-boron,18,,,,,CHAPTER-72
72029932,7202,Charge-chrome,18,,,,,CHAPTER-72
72029990,7202,Other,18,,,,,CHAPTER-72
72031000,7203,Ferrous products obtained by direct reduction of iron ore,18,,,,,CHAPTER-72
72039000,7203,Other,18,,,,,CHAPTER-72
72041000,7204,Waste and scrap of cast iron,18,,,,,CHAPTER-72
72042110,7204,Empty or discharged cartridges of all bores and sizes,18,,,,,CHAPTER-72
72042190,7204,Other,18,,,,,CHAPTER-72
72042910,7204,Empty or discharged cartridges of all bores and sizes,18,,,,,CHAPTER-72
72042920,7204,Of high speed steel,18,,,,,CHAPTER-72
72042990,7204,Other,18,,,,,CHAPTER-72
72043000,7204,Waste and scrap of tinned iron or steel,18,,,,,CHAPTER-72
72044100,7204,"Turnings, shavings, chips, milling waste, saw dust, fillings, trimmings and stampings, whether or not in bundles",18,,,,,CHAPTER-72
72044900,7204,Other,18,,,,,CHAPTER-72
72045000,7204,Remelting scrap ingots,18,,,,,CHAPTER-72
72051011,7205,Shot and angular grit,18,,,,,CHAPTER-72
72051012,7205,Wire pellets,18,,,,,CHAPTER-72
72051019,7205,Other,18,,,,,CHAPTER-72
72051021,7205,Shot and angular grit,18,,,,,CHAPTER-72
72051022,7205,Wire pellets,18,,,,,CHAPTER-72
72051029,7205,Other,18,,,,,CHAPTER-72
72051090,7205,Other,18,,,,,CHAPTER-72
72052100,7205,Of alloy steel,18,,,,,CHAPTER-72
72052910,7205,Of iron,18,,,,,CHAPTER-72
72052990,7205,Other,18,,,,,CHAPTER-72
72061010,7206,Of iron,18,,,,,CHAPTER-72
72061020,7206,Of high carbon steel,18,,,,,CHAPTER-72
72061090,7206,Other,18,,,,,CHAPTER-72
72069011,7206,Puddled bars and pilings,18,,,,,CHAPTER-72
72069012,7206,"Blocks, lumps and similar forms",18,,,,,CHAPTER-72
72069019,7206,Other,18,,,,,CHAPTER-72
72069091,7206,Puddled bars and pilings,18,,,,,CHAPTER-72
72069092,7206,"Blocks, lumps and similar forms",18,,,,,CHAPTER-72
72069099,7206,Other,18,,,,,CHAPTER-72
72071110,7207,Electrical quality,18,,,,,CHAPTER-72
72071120,7207,Forging quality,18,,,,,CHAPTER-72
72071130,7207,Seamless steel tube quality,18,,,,,CHAPTER-72
72071190,7207,Other,18,,,,,CHAPTER-72
72071210,7207,Electrical quality,18,,,,,CHAPTER-72
72071220,7207,Forging quality,18,,,,,CHAPTER-72
72071230,7207,Seamless steel tube quality,18,,,,,CHAPTER-72
72071290,7207,Other,18,,,,,CHAPTER-72
72071910,7207,Forged blanks of non-alloy steel,18,,,,,CHAPTER-72
72071920,7207,Mild steel billets,18,,,,,CHAPTER-72
72071990,7207,Other,18,,,,,CHAPTER-72
72072010,7207,Forging quality,18,,,,,CHAPTER-72
72072020,7207,Spring steel quality,18,,,,,CHAPTER-72
72072030,7207,Seamless steel tube quality,18,,,,,CHAPTER-72
72072090,7207,Other,18,,,,,CHAPTER-72
72081000,7208,,18,,,,,CHAPTER-72
72082510,7208,Plates,18,,,,,CHAPTER-72
72082520,7208,Universal plates,18,,,,,CHAPTER-72
72082530,7208,Sheets,18,,,,,CHAPTER-72
72082540,7208,Strip,18,,,,,CHAPTER-72
72082590,7208,Other,18,,,,,CHAPTER-72
72082610,7208,Plates,18,,,,,CHAPTER-72
72082620,7208,Universal plates,18,,,,,CHAPTER-72
72082630,7208,Sheets,18,,,,,CHAPTER-72
72082640,7208,Strip,18,,,,,CHAPTER-72
72082690,7208,Other,18,,,,,CHAPTER-72
72082710,7208,Plates,18,,,,,CHAPTER-72
72082720,7208,Universal plates,18,,,,,CHAPTER-72
72082730,7208,Sheets,18,,,,,CHAPTER-72
72082740,7208,Strip,18,,,,,CHAPTER-72
72082790,7208,Other,18,,,,,CHAPTER-72
72083610,7208,Plates,18,,,,,CHAPTER-72
72083620,7208,Universal plates,18,,,,,CHAPTER-72
72083630,7208,Sheets,18,,,,,CHAPTER-72
72083640,7208,Strip,18,,,,,CHAPTER-72
72083690,7208,Other,18,,,,,CHAPTER-72
72083710,7208,Plates,18,,,,,CHAPTER-72
72083720,7208,Universal plates,18,,,,,CHAPTER-72
72083730,7208,Sheets,18,,,,,CHAPTER-72
72083740,7208,Strip,18,,,,,CHAPTER-72
72083790,7208,Other,18,,,,,CHAPTER-72
72083810,7208,Plates,18,,,,,CHAPTER-72
72083820,7208,Universal plates,18,,,,,CHAPTER-72
72083830,7208,Sheets,18,,,,,CHAPTER-72
72083840,7208,Strip,18,,,,,CHAPTER-72
72083890,7208,Other,18,,,,,CHAPTER-72
72083910,7208,Plates,18,,,,,CHAPTER-72
72083920,7208,Universal plates,18,,,,,CHAPTER-72
72083930,7208,Sheets,18,,,,,CHAPTER-72
72083940,7208,Strip,18,,,,,CHAPTER-72
72083990,7208,Other,18,,,,,CHAPTER-72
72084010,7208,Plates,18,,,,,CHAPTER-72
72084020,7208,Universal plates,18,,,,,CHAPTER-72
72084030,7208,Sheets,18,,,,,CHAPTER-72
72084040,7208,Strip,18,,,,,CHAPTER-72
72084090,7208,Other,18,,,,,CHAPTER-72
72085110,7208,Plates,18,,,,,CHAPTER-72
72085120,7208,Universal plates,18,,,,,CHAPTER-72
72085130,7208,Sheets,18,,,,,CHAPTER-72
72085140,7208,Strip,18,,,,,CHAPTER-72
72085190,7208,Other,18,,,,,CHAPTER-72
72085210,7208,Plates,18,,,,,CHAPTER-72
72085220,7208,Universal plates,18,,,,,CHAPTER-72
72085230,7208,Sheets,18,,,,,CHAPTER-72
72085240,7208,Strip,18,,,,,CHAPTER-72
72085290,7208,Other,18,,,,,CHAPTER-72
72085310,7208,Plates,18,,,,,CHAPTER-72
72085320,7208,Universal plates,18,,,,,CHAPTER-72
72085330,7208,Sheets,18,,,,,CHAPTER-72
72085340,7208,Strip,18,,,,,CHAPTER-72
72085390,7208,Other,18,,,,,CHAPTER-72
72085410,7208,Plates,18,,,,,CHAPTER-72
72085420,7208,Universal plates,18,,,,,CHAPTER-72
72085430,7208,Sheets,18,,,,,CHAPTER-72
72085440,7208,Strip,18,,,,,CHAPTER-72
72085490,7208,Other,18,,,,,CHAPTER-72
72089000,7208,Other,18,,,,,CHAPTER-72
72091510,7209,Plates,18,,,,,CHAPTER-72
72091520,7209,Sheets,18,,,,,CHAPTER-72
72091530,7209,Strip,18,,,,,CHAPTER-72
72091590,7209,Other,18,,,,,CHAPTER-72
72091610,7209,Plates,18,,,,,CHAPTER-72
72091620,7209,Sheets,18,,,,,CHAPTER-72
72091630,7209,Strip,18,,,,,CHAPTER-72
72091690,7209,Other,18,,,,,CHAPTER-72
72091710,7209,Plates,18,,,,,CHAPTER-72
72091720,7209,Sheets,18,,,,,CHAPTER-72
72091730,7209,Strip,18,,,,,CHAPTER-72
72091790,7209,Other,18,,,,,CHAPTER-72
72091810,7209,Plates,18,,,,,CHAPTER-72
72091820,7209,Sheets,18,,,,,CHAPTER-72
72091830,7209,Strip,18,,,,,CHAPTER-72
72091890,7209,Other,18,,,,,CHAPTER-72
72092510,7209,Plates,18,,,,,CHAPTER-72
72092520,7209,Sheets,18,,,,,CHAPTER-72
72092530,7209,Strip,18,,,,,CHAPTER-72
72092590,7209,Other,18,,,,,CHAPTER-72
72092610,7209,Plates,18,,,,,CHAPTER-72
72092620,7209,Sheets,18,,,,,CHAPTER-72
72092630,7209,Strip,18,,,,,CHAPTER-72
72092690,7209,Other,18,,,,,CHAPTER-72
72092710,7209,Plates,18,,,,,CHAPTER-72
72092720,7209,Sheets,18,,,,,CHAPTER-72
72092730,7209,Strip,18,,,,,CHAPTER-72
72092790,7209,Other,18,,,,,CHAPTER-72
72092810,7209,Plates,18,,,,,CHAPTER-72
72092820,7209,Sheets,18,,,,,CHAPTER-72
72092830,7209,Strip,18,,,,,CHAPTER-72
72092890,7209,Other,18,,,,,CHAPTER-72
72099000,7209,Other,18,,,,,CHAPTER-72
72101110,7210,OTS/MR Type,18,,,,,CHAPTER-72
72101190,7210,Other,18,,,,,CHAPTER-72
72101210,7210,OTS/MR Type,18,,,,,CHAPTER-72
72101290,7210,Other,18,,,,,CHAPTER-72
72102000,7210,"Plated or coated with lead, including terne-plate",18,,,,,CHAPTER-72
72103010,7210,Corrugated,18,,,,,CHAPTER-72
72103090,7210,Other,18,,,,,CHAPTER-72
72104100,7210,Corrugated,18,,,,,CHAPTER-72
72104900,7210,Other,18,,,,,CHAPTER-72
72105000,7210,Plated or coated with chromium oxides or with chromium and chromium oxides,18,,,,,CHAPTER-72
72106100,7210,Plated or coated with aluminium-zinc alloys,18,,,,,CHAPTER-72
72106900,7210,Other,18,,,,,CHAPTER-72
72107000,7210,"Painted, varnished or coated with plastics",18,,,,,CHAPTER-72
72109010,7210,Lacquered,18,,,,,CHAPTER-72
72109090,7210,Other,18,,,,,CHAPTER-72
72111300,7211,"Rolled on four faces or in a closed box pass, of a width exceeding 150 mm and a thickness of not less than 4 mm, not in coils and without patterns in relief",18,,,,,CHAPTER-72
72111410,7211,Flats,18,,,,,CHAPTER-72
72111420,7211,Universal plates,18,,,,,CHAPTER-72
72111430,7211,Hoops,18,,,,,CHAPTER-72
72111440,7211,Sheets,18,,,,,CHAPTER-72
72111450,7211,Strip,18,,,,,CHAPTER-72
72111460,7211,Skelp,18,,,,,CHAPTER-72
72111490,7211,Other,18,,,,,CHAPTER-72
72111910,7211,Flats,18,,,,,CHAPTER-72
72111920,7211,Universal plates,18,,,,,CHAPTER-72
72111930,7211,Hoops,18,,,,,CHAPTER-72
72111940,7211,Sheets,18,,,,,CHAPTER-72
72111950,7211,Strip,18,,,,,CHAPTER-72
72111960,7211,Skelp,18,,,,,CHAPTER-72
72111990,7211,Other,18,,,,,CHAPTER-72
72112310,7211,Flats,18,,,,,CHAPTER-72
72112320,7211,Universal plates,18,,,,,CHAPTER-72
72112330,7211,Hoops,18,,,,,CHAPTER-72
72112340,7211,Sheets,18,,,,,CHAPTER-72
72112350,7211,Strip,18,,,,,CHAPTER-72
72112390,7211,Other,18,,,,,CHAPTER-72
72112910,7211,Flats,18,,,,,CHAPTER-72
72112920,7211,Universal plates,18,,,,,CHAPTER-72
72112930,7211,Hoops,18,,,,,CHAPTER-72
72112940,7211,Sheets,18,,,,,CHAPTER-72
72112950,7211,Strip,18,,,,,CHAPTER-72
72112960,7211,Skelp,18,,,,,CHAPTER-72
72112990,7211,Other,18,,,,,CHAPTER-72
72119011,7211,Of boiler quality,18,,,,,CHAPTER-72
72119012,7211,Of high tensile quality,18,,,,,CHAPTER-72
72119013,7211,Of ship building quality,18,,,,,CHAPTER-72
72119090,7211,Other,18,,,,,CHAPTER-72
72121010,7212,OTS or MR type,18,,,,,CHAPTER-72
72121090,7212,Other,18,,,,,CHAPTER-72
72122010,7212,Corrugated,18,,,,,CHAPTER-72
72122090,7212,Other,18,,,,,CHAPTER-72
72123010,7212,Corrugated,18,,,,,CHAPTER-72
72123090,7212,Other,18,,,,,CHAPTER-72
72124000,7212,"Painted, varnished or coated with plastics",18,,,,,CHAPTER-72
72125010,7212,Plated or coated with lead,18,,,,,CHAPTER-72
72125020,7212,Lacquered,18,,,,,CHAPTER-72
72125090,7212,Other,18,,,,,CHAPTER-72
72126000,7212,Clad,18,,,,,CHAPTER-72
72131010,7213,Of free cutting steel,18,,,,,CHAPTER-72
72131090,7213,Other,18,,,,,CHAPTER-72
72132010,7213,Electrode quality,18,,,,,CHAPTER-72
72132020,7213,Cold heading quality,18,,,,,CHAPTER-72
72132090,7213,Other,18,,,,,CHAPTER-72
72139110,7213,Electrode quality,18,,,,,CHAPTER-72
72139120,7213,Cold heading quality,18,,,,,CHAPTER-72
72139190,7213,Other,18,,,,,CHAPTER-72
72139910,7213,Electrode quality,18,,,,,CHAPTER-72
72139920,7213,Cold heading quality,18,,,,,CHAPTER-72
72139990,7213,Other,18,,,,,CHAPTER-72
72141010,7214,Spring steel quality,18,,,,,CHAPTER-72
72141090,7214,Other,18,,,,,CHAPTER-72
72142010,7214,Spring steel quality,18,,,,,CHAPTER-72
72142090,7214,Other,18,,,,,CHAPTER-72
72143000,7214,"Other, of free cutting steel",18,,,,,CHAPTER-72
72149110,7214,Mild steel bright bar,18,,,,,CHAPTER-72
72149190,7214,Other,18,,,,,CHAPTER-72
72149910,7214,Of spring steel quality,18,,,,,CHAPTER-72
72149990,7214,Other,18,,,,,CHAPTER-72
72151000,7215,"Of free-cutting steel, not further worked than cold- formed or cold-finished",18,,,,,CHAPTER-72
72155010,7215,Mild steel bright bar,18,,,,,CHAPTER-72
72155090,7215,Other,18,,,,,CHAPTER-72
72159010,7215,Plated or coated with zinc,18,,,,,CHAPTER-72
72159020,7215,Plated or coated with other base metals,18,,,,,CHAPTER-72
72159090,7215,Other,18,,,,,CHAPTER-72
72161000,7216,"U, I or H sections, not further worked than hot- rolled,hot-drawn or extruded, of a height of less than 80 mm",18,,,,,CHAPTER-72
72162100,7216,L sections,18,,,,,CHAPTER-72
72162200,7216,T sections,18,,,,,CHAPTER-72
72163100,7216,U sections,18,,,,,CHAPTER-72
72163200,7216,I sections,18,,,,,CHAPTER-72
72163300,7216,H sections,18,,,,,CHAPTER-72
72164000,7216,"L or T sections, not further worked than hot-rolled, hot- drawn or extruded, of a height of 80 mm or more",18,,,,,CHAPTER-72
72165000,7216,"Other angles, shapes and sections, not further worked than hot-rolled, hot- drawn or extruded",18,,,,,CHAPTER-72
72166100,7216,Obtained from flat-rolled products,18,,,,,CHAPTER-72
72166900,7216,Other,18,,,,,CHAPTER-72
72169100,7216,Cold-formed or cold- finished from flat rolled products,18,,,,,CHAPTER-72
72169910,7216,Plated or coated with zinc,18,,,,,CHAPTER-72
72169920,7216,Plated or coated with base metals other than zinc,18,,,,,CHAPTER-72
72169930,7216,Slotted angles and slotted channels,18,,,,,CHAPTER-72
72169940,7216,Forged,18,,,,,CHAPTER-72
72169990,7216,Other,18,,,,,CHAPTER-72
72171010,7217,Of a thickness of 18 SWG and below,18,,,,,CHAPTER-72
72171020,7217,Of a thickness above 18 SWG but up to 26 SWG,18,,,,,CHAPTER-72
72171030,7217,Of a thickness above 26 SWG,18,,,,,CHAPTER-72
72172010,7217,Of a thickness of 18 SWG and below,18,,,,,CHAPTER-72
72172020,7217,Of a thickness above 18 SWG but up to 26 SWG,18,,,,,CHAPTER-72
72172030,7217,Of a thickness above 26 SWG,18,,,,,CHAPTER-72
72173010,7217,Of a thickness of 18 SWG and below,18,,,,,CHAPTER-72
72173020,7217,Of a thickness above 18 SWG but up to 26 SWG,18,,,,,CHAPTER-72
72173030,7217,Of a thickness above 26 SWG,18,,,,,CHAPTER-72
72179011,7217,Of cross section – half round,18,,,,,CHAPTER-72
72179012,7217,Of cross section – flat and rectangular,18,,,,,CHAPTER-72
72179013,7217,Of cross section – ‘z’ shaped,18,,,,,CHAPTER-72
72179019,7217,Of cross section – other shapes,18,,,,,CHAPTER-72
72179091,7217,High tensile quality,18,,,,,CHAPTER-72
72179092,7217,Electrode quality,18,,,,,CHAPTER-72
72179093,7217,Electric resistance wire (including electric resistance heating wire),18,,,,,CHAPTER-72
72179099,7217,Other,18,,,,,CHAPTER-72
72181000,7218,Ingots and other primary forms,18,,,,,CHAPTER-72
72189100,7218,Of rectangular (other than square) cross-section,18,,,,,CHAPTER-72
72189910,7218,Billets,18,,,,,CHAPTER-72
72189990,7218,Other,18,,,,,CHAPTER-72
72191111,7219,Not exceeding 14 mm,18,,,,,CHAPTER-72
72191112,7219,Exceeding 14 mm,18,,,,,CHAPTER-72
72191190,7219,Other,18,,,,,CHAPTER-72
72191200,7219,Of a thickness of 4.75 mm or more but not exceeding 10 mm,18,,,,,CHAPTER-72
72191300,7219,Of a thickness of 3 mm or more but less than 4.75 mm,18,,,,,CHAPTER-72
72191400,7219,Of a thickness of less than 3 mm,18,,,,,CHAPTER-72
72192111,7219,Not exceeding 14 mm,18,,,,,CHAPTER-72
72192112,7219,Exceeding 14 mm,18,,,,,CHAPTER-72
72192121,7219,Not exceeding 14 mm,18,,,,,CHAPTER-72
72192122,7219,Exceeding 14 mm,18,,,,,CHAPTER-72
72192131,7219,Not exceeding 14 mm,18,,,,,CHAPTER-72
72192132,7219,Exceeding 14 mm,18,,,,,CHAPTER-72
72192141,7219,Not exceeding 14 mm,18,,,,,CHAPTER-72
72192142,7219,Exceeding 14 mm,18,,,,,CHAPTER-72
72192190,7219,Other,18,,,,,CHAPTER-72
72192211,7219,Chromium type,18,,,,,CHAPTER-72
72192212,7219,Nickel chromium austenitic type,18,,,,,CHAPTER-72
72192219,7219,Other,18,,,,,CHAPTER-72
72192291,7219,Chromium type,18,,,,,CHAPTER-72
72192292,7219,Nickel chromium austenitic type,18,,,,,CHAPTER-72
72192299,7219,Other,18,,,,,CHAPTER-72
72192310,7219,Chromium type,18,,,,,CHAPTER-72
72192320,7219,Nickel chromium austenitic type,18,,,,,CHAPTER-72
72192390,7219,Other,18,,,,,CHAPTER-72
72192411,7219,Below 0.35 mm,18,,,,,CHAPTER-72
72192412,7219,0.35 mm and above but below 0.56 mm,18,,,,,CHAPTER-72
72192413,7219,0.56 mm and above but below 0.90 mm,18,,,,,CHAPTER-72
72192419,7219,Other,18,,,,,CHAPTER-72
72192421,7219,Below 0.35 mm,18,,,,,CHAPTER-72
72192422,7219,0.35 mm and above but below 0.56 mm,18,,,,,CHAPTER-72
72192423,7219,0.56 mm and above but below 0.90 mm,18,,,,,CHAPTER-72
72192429,7219,Other,18,,,,,CHAPTER-72
72192490,7219,Other,18,,,,,CHAPTER-72
72193111,7219,Not exceeding 14 mm,18,,,,,CHAPTER-72
72193112,7219,Exceeding 14 mm,18,,,,,CHAPTER-72
72193121,7219,Not exceeding 14 mm,18,,,,,CHAPTER-72
72193122,7219,Exceeding 14 mm,18,,,,,CHAPTER-72
72193190,7219,Other,18,,,,,CHAPTER-72
72193210,7219,Chromium type,18,,,,,CHAPTER-72
72193220,7219,Nickel chromium austenitic type,18,,,,,CHAPTER-72
72193290,7219,Other,18,,,,,CHAPTER-72
72193310,7219,Chromium type,18,,,,,CHAPTER-72
72193320,7219,Nickel chromium austenitic type,18,,,,,CHAPTER-72
72193390,7219,Other,18,,,,,CHAPTER-72
72193410,7219,Chromium type,18,,,,,CHAPTER-72
72193420,7219,Nickel chromium austenitic type,18,,,,,CHAPTER-72
72193490,7219,Other,18,,,,,CHAPTER-72
72193510,7219,Chromium type,18,,,,,CHAPTER-72
72193520,7219,Nickel chromium austenitic type,18,,,,,CHAPTER-72
72193590,7219,Other,18,,,,,CHAPTER-72
72199011,7219,Thickness more than 4.75 mm,18,,,,,CHAPTER-72
72199012,7219,Thickness 3 mm to 4.75 mm,18,,,,,CHAPTER-72
72199013,7219,Thickness less than 3 mm,18,,,,,CHAPTER-72
72199090,7219,Other,18,,,,,CHAPTER-72
72201110,7220,Skelp for pipes and tubes,18,,,,,CHAPTER-72
72201121,7220,Chromium type,18,,,,,CHAPTER-72
72201122,7220,Nickel chromium austenitic type,18,,,,,CHAPTER-72
72201129,7220,Other,18,,,,,CHAPTER-72
72201190,7220,Other,18,,,,,CHAPTER-72
72201210,7220,Skelp for pipes and tubes,18,,,,,CHAPTER-72
72201221,7220,Chromium type,18,,,,,CHAPTER-72
72201222,7220,Nickel chromium austenitic type,18,,,,,CHAPTER-72
72201229,7220,Other,18,,,,,CHAPTER-72
72201290,7220,Other,18,,,,,CHAPTER-72
72202010,7220,Skelp for pipes and tubes,18,,,,,CHAPTER-72
72202021,7220,Chromium type,18,,,,,CHAPTER-72
72202022,7220,Nickel chromium austenitic type,18,,,,,CHAPTER-72
72202029,7220,Other,18,,,,,CHAPTER-72
72202090,7220,Other,18,,,,,CHAPTER-72
72209010,7220,Skelp (strips for pipes and tubes),18,,,,,CHAPTER-72
72209021,7220,Chromium type,18,,,,,CHAPTER-72
72209022,7220,Nickel chromium austenitic type,18,,,,,CHAPTER-72
72209029,7220,Other,18,,,,,CHAPTER-72
72209090,7220,Other,18,,,,,CHAPTER-72
72210011,7221,Chromium type,18,,,,,CHAPTER-72
72210012,7221,Nickel chromium austenitic type,18,,,,,CHAPTER-72
72210019,7221,Other,18,,,,,CHAPTER-72
72210090,7221,Other,18,,,,,CHAPTER-72
72221111,7222,Chromium type,18,,,,,CHAPTER-72
72221112,7222,Nickel chromium austenitic type,18,,,,,CHAPTER-72
72221119,7222,Other,18,,,,,CHAPTER-72
72221191,7222,Chromium type,18,,,,,CHAPTER-72
72221192,7222,Nickel chromium austenitic type,18,,,,,CHAPTER-72
72221199,7222,Other,18,,,,,CHAPTER-72
72221911,7222,Chromium type,18,,,,,CHAPTER-72
72221912,7222,Nickel chromium austenitic type,18,,,,,CHAPTER-72
72221919,7222,Other,18,,,,,CHAPTER-72
72221991,7222,Chromium type,18,,,,,CHAPTER-72
72221992,7222,Nickel chromium austenitic type,18,,,,,CHAPTER-72
72221999,7222,Other,18,,,,,CHAPTER-72
72222011,7222,Chromium type,18,,,,,CHAPTER-72
72222012,7222,Nickel chromium austenitic type,18,,,,,CHAPTER-72
72222019,7222,Other,18,,,,,CHAPTER-72
72222091,7222,Chromium type,18,,,,,CHAPTER-72
72222092,7222,Nickel chromium austenitic type,18,,,,,CHAPTER-72
72222099,7222,Other,18,,,,,CHAPTER-72
72223011,7222,Chromium type,18,,,,,CHAPTER-72
72223012,7222,Nickel chromium austenitic type,18,,,,,CHAPTER-72
72223019,7222,Other,18,,,,,CHAPTER-72
72223091,7222,Chromium type,18,,,,,CHAPTER-72
72223092,7222,Nickel chromium austenitic type,18,,,,,CHAPTER-72
72223099,7222,Other,18,,,,,CHAPTER-72
72224010,7222,Of thickness of 80 mm and above,18,,,,,CHAPTER-72
72224020,7222,Of below 80 mm,18,,,,,CHAPTER-72
72230010,7223,Electrode quality,18,,,,,CHAPTER-72
72230091,7223,Of thickness of above 1.5 mm,18,,,,,CHAPTER-72
72230092,7223,Of thickness of 0.46 mm and above but not exceeding 1.5 mm,18,,,,,CHAPTER-72
72230099,7223,Of thickness of below 0.46 mm,18,,,,,CHAPTER-72
72241000,7224,Ingots and other primary forms,18,,,,,CHAPTER-72
72249010,7224,Of tool steel quality,18,,,,,CHAPTER-72
72249020,7224,Of die steel quality,18,,,,,CHAPTER-72
72249030,7224,Of cobalt bearing high speed steel quality,18,,,,,CHAPTER-72
72249040,7224,Forged blanks of alloy steel,18,,,,,CHAPTER-72
72249091,7224,Billets,18,,,,,CHAPTER-72
72249099,7224,Other,18,,,,,CHAPTER-72
72251100,7225,Grain-oriented,18,,,,,CHAPTER-72
72251910,7225,Hot rolled,18,,,,,CHAPTER-72
72251920,7225,Cold rolled,18,,,,,CHAPTER-72
72251990,7225,Other,18,,,,,CHAPTER-72
72253010,7225,Of spring steel quality,18,,,,,CHAPTER-72
72253090,7225,Other,18,,,,,CHAPTER-72
72254011,7225,Boiler quality,18,,,,,CHAPTER-72
72254012,7225,Pressure vessel quality,18,,,,,CHAPTER-72
72254013,7225,High tensile quality,18,,,,,CHAPTER-72
72254019,7225,Other,18,,,,,CHAPTER-72
72254020,7225,Of a thickness of 3 mm and above but not exceeding 4.75mm,18,,,,,CHAPTER-72
72254030,7225,Of a thickness of below 3 mm,18,,,,,CHAPTER-72
72255010,7225,Of a thickness of less than 3 mm,18,,,,,CHAPTER-72
72255020,7225,Of a thickness of 3 mm to 4.75 mm,18,,,,,CHAPTER-72
72255030,7225,Of a thickness of above 4.75 mm,18,,,,,CHAPTER-72
72259100,7225,Electrolytically plated or coated with zinc,18,,,,,CHAPTER-72
72259200,7225,Otherwise plated or coated with zinc,18,,,,,CHAPTER-72
72259900,7225,Other,18,,,,,CHAPTER-72
72261100,7226,Grain-oriented,18,,,,,CHAPTER-72
72261910,7226,Hot rolled,18,,,,,CHAPTER-72
72261920,7226,Cold rolled,18,,,,,CHAPTER-72
72261990,7226,Other,18,,,,,CHAPTER-72
72262011,7226,In coils,18,,,,,CHAPTER-72
72262012,7226,Other,18,,,,,CHAPTER-72
72262021,7226,In coils,18,,,,,CHAPTER-72
72262022,7226,Other,18,,,,,CHAPTER-72
72262030,7226,Hoops and strips,18,,,,,CHAPTER-72
72269110,7226,Of a thickness of below 3 mm,18,,,,,CHAPTER-72
72269120,7226,Of a thickness of 3 mm and above but not exceeding 4.75mm,18,,,,,CHAPTER-72
72269130,7226,High tensile quality of a thickness of above 4.75 mm,18,,,,,CHAPTER-72
72269190,7226,Other,18,,,,,CHAPTER-72
72269210,7226,Of a thickness of below 3 mm,18,,,,,CHAPTER-72
72269220,7226,Of a thickness of 3 mm and above but not exceeding 4.75mm,18,,,,,CHAPTER-72
72269230,7226,Of a thickness of above 4.75 mm,18,,,,,CHAPTER-72
72269910,7226,Of a thickness of above 4.75 mm,18,,,,,CHAPTER-72
72269920,7226,Of a thickness of 3 mm and above but not exceeding 4.75mm,18,,,,,CHAPTER-72
72269930,7226,Of a thickness of below 3 mm,18,,,,,CHAPTER-72
72269940,7226,Skelp (strips for pipes and tubes),18,,,,,CHAPTER-72
72269951,7226,Hot rolled,18,,,,,CHAPTER-72
72269952,7226,Cold rolled,18,,,,,CHAPTER-72
72269953,7226,"Of spring steel, other than skelp",18,,,,,CHAPTER-72
72269960,7226,Skelps and strips for razor blades and saw blades,18,,,,,CHAPTER-72
72269990,7226,Other,18,,,,,CHAPTER-72
72271000,7227,Of high speed steel,18,,,,,CHAPTER-72
72272000,7227,Of silico-manganese steel,18,,,,,CHAPTER-72
72279010,7227,Valve spring steel quality,18,,,,,CHAPTER-72
72279020,7227,Other spring steel quality,18,,,,,CHAPTER-72
72279030,7227,Ball bearing quality,18,,,,,CHAPTER-72
72279040,7227,Cold heading quality,18,,,,,CHAPTER-72
72279050,7227,Lead-free cutting quality,18,,,,,CHAPTER-72
72279060,7227,Sulphur free cutting quality,18,,,,,CHAPTER-72
72279090,7227,Other,18,,,,,CHAPTER-72
72281010,7228,Bright bars,18,,,,,CHAPTER-72
72281090,7228,Other,18,,,,,CHAPTER-72
72282000,7228,"Bars and rods, of silico- manganese steel",18,,,,,CHAPTER-72
72283011,7228,Of alloy tool steel,18,,,,,CHAPTER-72
72283019,7228,Other,18,,,,,CHAPTER-72
72283021,7228,Lead bearing steel,18,,,,,CHAPTER-72
72283022,7228,Spring steel,18,,,,,CHAPTER-72
72283023,7228,Sulphur bearing steel,18,,,,,CHAPTER-72
72283024,7228,Tool and die steel,18,,,,,CHAPTER-72
72283029,7228,Other,18,,,,,CHAPTER-72
72284000,7228,"Other bars and rods, not further worked than forged",18,,,,,CHAPTER-72
72285010,7228,Of engine valves and cold heading steel,18,,,,,CHAPTER-72
72285090,7228,Other,18,,,,,CHAPTER-72
72286011,7228,Of alloy tool steel,18,,,,,CHAPTER-72
72286012,7228,Other,18,,,,,CHAPTER-72
72286091,7228,Lead bearing steel,18,,,,,CHAPTER-72
72286092,7228,Spring steel,18,,,,,CHAPTER-72
72286093,7228,Sulphur bearing steel,18,,,,,CHAPTER-72
72286094,7228,Tool and die steel,18,,,,,CHAPTER-72
72286099,7228,Other,18,,,,,CHAPTER-72
72287011,7228,Of 80 mm or more,18,,,,,CHAPTER-72
72287012,7228,Of less than 80 mm,18,,,,,CHAPTER-72
72287021,7228,Of 80 mm or more,18,,,,,CHAPTER-72
72287022,7228,Of less than 80 mm,18,,,,,CHAPTER-72
72288010,7228,Of alloy steel,18,,,,,CHAPTER-72
72288020,7228,"Of non alloy steel, forged",18,,,,,CHAPTER-72
72288090,7228,Other,18,,,,,CHAPTER-72
72292000,7229,Of silico-manganese steel,18,,,,,CHAPTER-72
72299011,7229,Tinned wire,18,,,,,CHAPTER-72
72299012,7229,Bronze coated wire,18,,,,,CHAPTER-72
72299013,7229,Trapezoidal wire,18,,,,,CHAPTER-72
72299014,7229,Half round wire,18,,,,,CHAPTER-72
72299015,7229,Crimped wire,18,,,,,CHAPTER-72
72299016,7229,Copper coated wire,18,,,,,CHAPTER-72
72299021,7229,Electrode quality,18,,,,,CHAPTER-72
72299022,7229,Wire rope quality,18,,,,,CHAPTER-72
72299023,7229,ACSR quality,18,,,,,CHAPTER-72
72299031,7229,Wire (excluding wire type lead),18,,,,,CHAPTER-72
72299032,7229,Spring wire,18,,,,,CHAPTER-72
72299033,7229,High tensile wire,18,,,,,CHAPTER-72
72299034,7229,Hardened and tempered wire,18,,,,,CHAPTER-72
72299040,7229,Other wire,18,,,,,CHAPTER-72
72299051,7229,Half round,18,,,,,CHAPTER-72
72299052,7229,Flat and rectangular,18,,,,,CHAPTER-72
72299053,7229,‘L’ shape,18,,,,,CHAPTER-72
72299054,7229,‘Z’ shape,18,,,,,CHAPTER-72
72299059,7229,Other,18,,,,,CHAPTER-72
72299060,7229,Electric resistance wire (including electric resistance heating wire),18,,,,,CHAPTER-72
72299070,7229,Crimped wire,18,,,,,CHAPTER-72
72299090,7229,Other,18,,,,,CHAPTER-72
73011000,7301,Sheet piling,18,,,,,CHAPTER-73
73012010,7301,Steel slotted angles,18,,,,,CHAPTER-73
73012090,7301,Other,18,,,,,CHAPTER-73
73021010,7302,For railways,18,,,,,CHAPTER-73
73021020,7302,For tramways,18,,,,,CHAPTER-73
73021090,7302,Other,18,,,,,CHAPTER-73
73023000,7302,"Switch blades, crossing frogs, point rods andother crossing pieces",18,,,,,CHAPTER-73
73024000,7302,Fish-plates and sole plates,18,,,,,CHAPTER-73
73029010,7302,Material for jointing or fixing rails,18,,,,,CHAPTER-73
73029090,7302,Other,18,,,,,CHAPTER-73
73030010,7303,Rain water pipe,18,,,,,CHAPTER-73
73030020,7303,Soil pipe,18,,,,,CHAPTER-73
73030030,7303,Spun pipe,18,,,,,CHAPTER-73
73030090,7303,Other,18,,,,,CHAPTER-73
73041110,7304,Tubes and pipes,18,,,,,CHAPTER-73
73041120,7304,Blanks for tubes and pipes,18,,,,,CHAPTER-73
73041190,7304,Other,18,,,,,CHAPTER-73
73041910,7304,Tubes and pipes,18,,,,,CHAPTER-73
73041920,7304,Blanks for tubes and pipes,18,,,,,CHAPTER-73
73041990,7304,Other,18,,,,,CHAPTER-73
73042200,7304,Drill pipe of stainless steel,18,,,,,CHAPTER-73
73042310,7304,Of iron,18,,,,,CHAPTER-73
73042390,7304,Other,18,,,,,CHAPTER-73
73042400,7304,"Other, of stainless steel",18,,,,,CHAPTER-73
73042910,7304,Of iron,18,,,,,CHAPTER-73
73042990,7304,Other,18,,,,,CHAPTER-73
73043111,7304,Of iron,18,,,,,CHAPTER-73
73043119,7304,Other,18,,,,,CHAPTER-73
73043121,7304,Of iron,18,,,,,CHAPTER-73
73043129,7304,Other,18,,,,,CHAPTER-73
73043131,7304,Of iron,18,,,,,CHAPTER-73
73043139,7304,Other,18,,,,,CHAPTER-73
73043911,7304,Of iron,18,,,,,CHAPTER-73
73043919,7304,Other,18,,,,,CHAPTER-73
73043921,7304,Above 114.3 mm but up to 219.1 mm outer diameters: Of iron,18,,,,,CHAPTER-73
73043929,7304,Other,18,,,,,CHAPTER-73
73043931,7304,Of iron,18,,,,,CHAPTER-73
73043939,7304,Other Cold-drawn or cold-rolled (cold-reduced) Other Up to 114.3 mm diameter Above 114.3 mm but up to 219.1 mm outer diameter Above 219.1 mm outer diameter Up to 114.3 mm diameter Above 114.3 mm but up to 219.1 mm outer diameter Above 219.1 mm outer diameter Other,18,,,,,CHAPTER-73
73044100,7304,,18,,,,,CHAPTER-73
73044900,7304,,18,,,,,CHAPTER-73
73045110,7304,,18,,,,,CHAPTER-73
73045120,7304,,18,,,,,CHAPTER-73
73045130,7304,,18,,,,,CHAPTER-73
73045910,7304,,18,,,,,CHAPTER-73
73045920,7304,,18,,,,,CHAPTER-73
73045930,7304,,18,,,,,CHAPTER-73
73049000,7304,,18,,,,,CHAPTER-73
73051111,7305,Of iron,18,,,,,CHAPTER-73
73051119,7305,Other,18,,,,,CHAPTER-73
73051121,7305,Of iron,18,,,,,CHAPTER-73
73051129,7305,Other,18,,,,,CHAPTER-73
73051211,7305,Of iron,18,,,,,CHAPTER-73
73051219,7305,Other,18,,,,,CHAPTER-73
73051221,7305,Of iron,18,,,,,CHAPTER-73
73051229,7305,Other,18,,,,,CHAPTER-73
73051911,7305,Of iron,18,,,,,CHAPTER-73
73051919,7305,Other,18,,,,,CHAPTER-73
73051921,7305,Of iron,18,,,,,CHAPTER-73
73051929,7305,Other,18,,,,,CHAPTER-73
73052010,7305,Of iron,18,,,,,CHAPTER-73
73052090,7305,Other,18,,,,,CHAPTER-73
73053110,7305,Of iron,18,,,,,CHAPTER-73
73053190,7305,Other,18,,,,,CHAPTER-73
73053910,7305,Of iron,18,,,,,CHAPTER-73
73053990,7305,Other,18,,,,,CHAPTER-73
73059010,7305,High pressure hydroelectric conduits of steel,18,,,,,CHAPTER-73
73059021,7305,Of iron,18,,,,,CHAPTER-73
73059029,7305,Other,18,,,,,CHAPTER-73
73059091,7305,Of iron,18,,,,,CHAPTER-73
73059099,7305,Other,18,,,,,CHAPTER-73
73061100,7306,"Welded ,of stainless steel",18,,,,,CHAPTER-73
73061911,7306,Of iron,18,,,,,CHAPTER-73
73061919,7306,Other,18,,,,,CHAPTER-73
73061921,7306,Of iron,18,,,,,CHAPTER-73
73061929,7306,Other,18,,,,,CHAPTER-73
73062100,7306,"Welded, of stainless steel",18,,,,,CHAPTER-73
73062911,7306,Of iron,18,,,,,CHAPTER-73
73062919,7306,Other,18,,,,,CHAPTER-73
73063010,7306,Of iron,18,,,,,CHAPTER-73
73063090,7306,Other,18,,,,,CHAPTER-73
73064000,7306,"Other, welded, of circular",18,,,,,CHAPTER-73
73065000,7306,"Other, welded, of circular",18,,,,,CHAPTER-73
73066100,7306,Of square or rectangular-,18,,,,,CHAPTER-73
73066900,7306,Of other non-circular,18,,,,,CHAPTER-73
73069011,7306,Of iron,18,,,,,CHAPTER-73
73069019,7306,Other,18,,,,,CHAPTER-73
73069090,7306,Other,18,,,,,CHAPTER-73
73071110,7307,Sponge iron cast fittings,18,,,,,CHAPTER-73
73071120,7307,SG iron cast fittings,18,,,,,CHAPTER-73
73071190,7307,Other,18,,,,,CHAPTER-73
73071900,7307,Other,18,,,,,CHAPTER-73
73072100,7307,Flanges,18,,,,,CHAPTER-73
73072200,7307,"Threaded elbows, bends and sleeves",18,,,,,CHAPTER-73
73072300,7307,Butt welding fittings,18,,,,,CHAPTER-73
73072900,7307,Other,18,,,,,CHAPTER-73
73079110,7307,Galvanised,18,,,,,CHAPTER-73
73079190,7307,Other,18,,,,,CHAPTER-73
73079210,7307,Galvanised,18,,,,,CHAPTER-73
73079290,7307,Other,18,,,,,CHAPTER-73
73079310,7307,Galvanised,18,,,,,CHAPTER-73
73079390,7307,Other,18,,,,,CHAPTER-73
73079910,7307,Galvanised,18,,,,,CHAPTER-73
73079990,7307,Other,18,,,,,CHAPTER-73
73081000,7208,Bridges and bridge-sections,18,Transmission toweras are not included,,,,CHAPTER-73
73082011,,For transmission line,,,,,,CHAPTER-73
73082019,7208,Other,18,,,,,CHAPTER-73
73082020,7208,Lattice masts,18,,,,,CHAPTER-73
73083000,7208,,18,,,,,CHAPTER-73
73084000,7208,,18,,,,,CHAPTER-73
73089010,7208,,18,,,,,CHAPTER-73
73089020,7208,Drop rods,18,,,,,CHAPTER-73
73089030,7208,"Hatchway, rails and bulkheads for ships or boats and parts of hull",18,,,,,CHAPTER-73
73089040,7208,Galvanised tension bars,18,,,,,CHAPTER-73
73089050,7208,Structures and super structures for mining,18,,,,,CHAPTER-73
73089060,7208,Truss rods,18,,,,,CHAPTER-73
73089070,7208,Tubular steel poles for electric transmission and distribution lines,18,,,,,CHAPTER-73
73089090,7208,Other,18,,,,,CHAPTER-73
73090010,7309,Galvanized iron tanks,18,,,,,CHAPTER-73
73090020,7309,Galvanized iron barrels and drums,18,,,,,CHAPTER-73
73090030,7309,Pressed steel tanks,18,,,,,CHAPTER-73
73090040,7309,Pressure vessels,18,,,,,CHAPTER-73
73090090,7309,Other,18,"GST rate for Mathematical boxes, geometry boxes and colour boxes, pencil sharpeners is 12%",,,,CHAPTER-73
73101010,7310,Tin plate containers,18,,,,,CHAPTER-73
73101020,7310,Trunks and cases,18,,,,,CHAPTER-73
73101090,7310,Other,18,,,,,CHAPTER-73
73102110,7310,Tin plate containers,18,,,,,CHAPTER-73
73102190,7310,Other,18,,,,,CHAPTER-73
73102910,7310,Tin plate containers,18,,,,,CHAPTER-73
73102920,7310,Trunks and cases,18,,,,,CHAPTER-73
73102990,7310,Other,18,,,,,CHAPTER-73
73110010,7311,Liquefied petroleum gas (LPG) cylinder,18,,,,,CHAPTER-73
73110020,7311,,18,,,,,CHAPTER-73
73110030,7311,,18,,,,,CHAPTER-73
73110090,7311,Other,18,,,,,CHAPTER-73
73121010,7312,"Wire ropes, black",18,,,,,CHAPTER-73
73121020,7312,"Wire ropes, galvanised",18,,,,,CHAPTER-73
73121030,7312,Stranded wire,18,,,,,CHAPTER-73
73121090,7312,Other,18,,,,,CHAPTER-73
73129000,7312,Other,18,,,,,CHAPTER-73
73130010,7313,Barbed wire,18,,,,,CHAPTER-73
73130020,7313,"Twisted hoop or single flat wire, barbed or not, and loosely twisted double wire, of a kind used for fencing",18,,,,,CHAPTER-73
73141200,7314,"Endless bands for machinery, of stainless steel",18,,,,,CHAPTER-73
73141410,7314,"Wire gauze (wire cloth, wire mesh)",18,,,,,CHAPTER-73
73141490,7314,Other,18,,,,,CHAPTER-73
73141910,7314,"Wire gauze (wire cloth, wire mesh)",18,,,,,CHAPTER-73
73141990,7314,Other,18,,,,,CHAPTER-73
73142010,7314,Wire netting,18,,,,,CHAPTER-73
73142090,7314,Other,18,,,,,CHAPTER-73
73143100,7314,Plated or coated with zinc,18,,,,,CHAPTER-73
73143900,7314,Other,18,,,,,CHAPTER-73
73144110,7314,Plated or coated with zinc,18,,,,,CHAPTER-73
73144190,7314,Wire netting,18,,,,,CHAPTER-73
73144210,7314,Other,18,,,,,CHAPTER-73
73144290,7314,Wire netting,18,,,,,CHAPTER-73
73144910,7314,Wire netting,18,,,,,CHAPTER-73
73144990,7314,Other,18,,,,,CHAPTER-73
73145000,7314,Expanded metal,18,,,,,CHAPTER-73
73151100,,Roller chain,,,,,,CHAPTER-73
73151210,,Lifting and hoisting chain,,,,,,CHAPTER-73
73151220,,Ship chain,,,,,,CHAPTER-73
73151290,,Other,,,,,,CHAPTER-73
73151900,,Parts,,,,,,CHAPTER-73
73152000,731520,Skid chain,18,,,,,CHAPTER-73
73158100,731581,Stud-link,18,,,,,CHAPTER-73
73158200,731582,"Other, welded link",18,,,,,CHAPTER-73
73158900,731589,Other,18,,,,,CHAPTER-73
73159000,731590,Other parts,18,,,,,CHAPTER-73
73160010,7316,Anchors and grapnels,18,,,,,CHAPTER-73
73160090,7316,Parts,18,,,,,CHAPTER-73
73170011,7317,For animal shoes,12,,,,,CHAPTER-73
73170012,7317,For fixing heel strips and toe plates,18,,,,,CHAPTER-73
73170013,7317,Wire nails,18,,,,,CHAPTER-73
73170019,7317,Other,18,,,,,CHAPTER-73
73170021,7317,Dog spikes,18,,,,,CHAPTER-73
73170029,7317,Other,18,,,,,CHAPTER-73
73170030,7317,Tacks,18,,,,,CHAPTER-73
73170091,7317,"Staples other than in strips, and drawing pins",18,,,,,CHAPTER-73
73170099,7317,Other,18,,,,,CHAPTER-73
73181110,7318,Machine screws,18,,,,,CHAPTER-73
73181190,7318,Other,18,,,,,CHAPTER-73
73181200,7318,Other wood screws,18,,,,,CHAPTER-73
73181300,7318,Screw hooks and screw rings,18,,,,,CHAPTER-73
73181400,7318,Self-tapping screws,18,,,,,CHAPTER-73
73181500,7318,"Other screws and bolts, whether or not with their nuts or washers",18,,,,,CHAPTER-73
73181600,7318,Nuts,18,,,,,CHAPTER-73
73181900,7318,Other,18,,,,,CHAPTER-73
73182100,7318,Spring washers and other lock washers,18,,,,,CHAPTER-73
73182200,7318,Other washers,18,,,,,CHAPTER-73
73182300,7318,Rivets,18,,,,,CHAPTER-73
73182400,7318,Cotters and cotter-pins,18,,,,,CHAPTER-73
73182910,7318,Circlips,18,,,,,CHAPTER-73
73182990,7318,Other,18,GST rate for Sewing Needles is 12%,,,,CHAPTER-73
73194010,7319,Safety pins,18,,,,,CHAPTER-73
73194090,7319,Other pins,18,,,,,CHAPTER-73
73199000,7319,Other,18,,,,,CHAPTER-73
73201011,7320,For motor vehicles,18,,,,,CHAPTER-73
73201012,7320,For railways and tramways,18,,,,,CHAPTER-73
73201019,7320,Other,18,,,,,CHAPTER-73
73201020,7320,Leaves for springs,18,,,,,CHAPTER-73
73202000,7320,Helical springs,18,,,,,CHAPTER-73
73209010,7320,"Coil spring for railways, tramways",18,,,,,CHAPTER-73
73209020,7320,Spring pins,18,,,,,CHAPTER-73
73209090,7320,Other,18,,,,,CHAPTER-73
73211110,7321,Cookers and kitchen stoves,28,,,,,CHAPTER-73
73211120,7321,Other stoves,28,,,,,CHAPTER-73
73211190,7321,Other,28,,,,,CHAPTER-73
73211210,7321,Cookers and kitchen stoves,28,,,,,CHAPTER-73
73211220,7321,Other stoves,28,,,,,CHAPTER-73
73211290,7321,Other,28,,,,,CHAPTER-73
73211910,7321,Cookers and kitchen stoves,28,,,,,CHAPTER-73
73211990,7321,Other stoves and appliances,28,,,,,CHAPTER-73
73218100,7321,For gas fuel or for both gas and other fuels,28,,,,,CHAPTER-73
73218200,7321,For liquid fuel,28,,,,,CHAPTER-73
73218910,7321,Clay tandoor (oven with iron or steel body and earthen grates),28,,,,,CHAPTER-73
73218990,7321,Other,28,,,,,CHAPTER-73
73219000,7321,Parts,28,,,,,CHAPTER-73
73221100,7322,Of cast iron,28,,,,,CHAPTER-73
73221900,7322,Other,28,,,,,CHAPTER-73
73229010,7322,Air heaters and hot air distributors,28,,,,,CHAPTER-73
73229090,7322,Parts of air heaters and hot air distributors,28,,,,,CHAPTER-73
73231000,7323,"Iron or steel wool; pot scourers and scouring or polishing pads, gloves and the like",18,,,,,CHAPTER-73
73239110,7323,Pans,12,,,,,CHAPTER-73
73239190,7323,Other,12,,,,,CHAPTER-73
73239200,7323,"Of cast iron, enamelled",12,,,,,CHAPTER-73
73239310,7323,Pressure cookers,12,,,,,CHAPTER-73
73239390,7323,Other,12,,,,,CHAPTER-73
73239410,7323,Ghamellas,12,,,,,CHAPTER-73
73239420,7323,Utensils,12,,,,,CHAPTER-73
73239490,7323,Other,12,,,,,CHAPTER-73
73239910,7323,Utensils of galvanised iron,12,,,,,CHAPTER-73
73239920,7323,Other utensils,12,18% GST is applicable on Parts,,,,CHAPTER-73
73239990,7323,Other,18,,,,,CHAPTER-73
73241000,7324,"Sinks and wash basins, of stainless steel",28,,,,,CHAPTER-73
73242100,7324,"Of cast iron, whether or not enamelled",28,,,,,CHAPTER-73
73242900,7324,Other,28,,,,,CHAPTER-73
73249000,7324,"Other, including parts",28,,,,,CHAPTER-73
73251000,7325,Of non-malleable cast iron,18,,,,,CHAPTER-73
73259100,7325,Grinding balls and similar articles for mills,18,,,,,CHAPTER-73
73259910,7325,Of iron,18,,,,,CHAPTER-73
73259920,7325,Of alloy steel,18,,,,,CHAPTER-73
73259930,7325,Of stainless steel,18,,,,,CHAPTER-73
73259991,7325,Rudders for ships or boats,18,,,,,CHAPTER-73
73259992,7325,Drain covers,18,,,,,CHAPTER-73
73259993,7325,Plates and frames for sewage water or similar system,18,,,,,CHAPTER-73
73259999,7325,Other,18,,,,,CHAPTER-73
73261100,7326,Grinding balls and similar articles for mills,18,,,,,CHAPTER-73
73261910,7326,For automobiles and earth moving equipments,18,,,,,CHAPTER-73
73261990,7326,Other,18,,,,,CHAPTER-73
73262010,7326,Tyre bead wire rings intended for use in the manufacture of tyres for cycles and cycle- rickshaws,18,,,,,CHAPTER-73
73262090,7326,Other,18,,,,,CHAPTER-73
73269010,7326,Belt lacing of steel,18,,,,,CHAPTER-73
73269020,7326,Belt fasteners for machinery belts,18,,,,,CHAPTER-73
73269030,7326,"Drain covers, plates, and frames for sewages, water or similar system",18,,,,,CHAPTER-73
73269040,7326,Enamelled iron ware,18,,,,,CHAPTER-73
73269050,7326,Grinding media balls and cylpebs,18,,,,,CHAPTER-73
73269060,7326,Manufactures of stainless steel,18,,,,,CHAPTER-73
73269070,7326,Articles of clad metal,18,,,,,CHAPTER-73
73269080,7326,"Parts of ships, floating structure and vessels (excluding hull, propellers and paddle-wheels)",18,,,,,CHAPTER-73
73269091,7326,Shanks,18,,,,,CHAPTER-73
73269099,7326,Other,18,,,,,CHAPTER-73
74010010,7401,Copper mattes,18,,,,,CHAPTER-74
74010090,7401,Cement copper (precipitated copper),18,,,,,CHAPTER-74
74020010,7402,Blister copper,18,,,,,CHAPTER-74
74020090,7402,Other,18,,,,,CHAPTER-74
74031100,7403,Cathodes and sections of cathodes,18,,,,,CHAPTER-74
74031200,7403,Wire-bars,18,,,,,CHAPTER-74
74031300,7403,Billets,18,,,,,CHAPTER-74
74031900,7403,Other,18,,,,,CHAPTER-74
74032100,7403,Copper-zinc base alloys (brass),18,,,,,CHAPTER-74
74032210,7403,Phosphor bronze,18,,,,,CHAPTER-74
74032290,7403,Other,18,,,,,CHAPTER-74
74032900,7403,Other copper alloys (other than master alloys of heading 7405),18,,,,,CHAPTER-74
74040011,7404,Empty or discharged cartridges of all bores and sizes,18,,,,,CHAPTER-74
74040012,7404,"Copper scrap, namely the following : copper wire scrap covered by ISRI code words Barley, Berry and Birch; heavy copper scrap covered by ISRI code word Candy;unalloyed copper scrap covered by ISRI code word Cliff; copper wire nodules scrap covered by ISRI code words Clove, Cobra and Cocoa; light copper scrap covered by ISRI Code word Dream; muntz metal tubes covered by ISRI code word 'Palms'; Miscellaneous copper- containing skimming, grindings, ashes, irony brass and copper, residues and slags covered by ISRI code word 'Drove' Copper wire scrap with various types of insultation covered by ISRI code word 'Druid",18,,,,,CHAPTER-74
74040019,7404,,18,,,,,CHAPTER-74
74040023,7404,Nickel silver scrap namely the following: mixed new nickel silver clippings covered by ISRI code word ‘Maize’; new nickel silver clippings covered by ISRI code word ‘Major’; new segregated nickel silver clippings covered by ISRI code word ‘Malar’; old nickel silver clip- pings covered by ISRI code word ‘Malic’; nickel silver castings covered by ISRI code word ‘Naggy’; nickel silver turnings covered by ISRI code word ‘Niece’ Other,18,,,,,CHAPTER-74
74040029,7404,,18,,,,,CHAPTER-74
74050000,7405,M ASTER ALLOYS OF COPPER,18,,,,,CHAPTER-74
74061000,7406,Powders of non-lamellar structure,18,,,,,CHAPTER-74
74062000,7406,Powders of lamellar structure; flakes,18,,,,,CHAPTER-74
74071010,7407,Electrolytic copper rods or black copper rods,18,,,,,CHAPTER-74
74071020,7407,Other copper rods,18,,,,,CHAPTER-74
74071030,7407,Copper bars (excluding hollow bars),18,,,,,CHAPTER-74
74071040,7407,Hollow bars of copper,18,,,,,CHAPTER-74
74071051,7407,Hollow profiles,18,,,,,CHAPTER-74
74071059,7407,Other,18,,,,,CHAPTER-74
74071090,7407,Other,18,,,,,CHAPTER-74
74072110,7407,Bars,18,,,,,CHAPTER-74
74072120,7407,Rods,18,,,,,CHAPTER-74
74072130,7407,Hollow bars,18,,,,,CHAPTER-74
74072190,7407,Other,18,,,,,CHAPTER-74
74072910,7407,Rods of bronze and similar alloys,18,,,,,CHAPTER-74
74072921,7407,Hollow,18,,,,,CHAPTER-74
74072929,7407,Other,18,,,,,CHAPTER-74
74072990,7407,Other,18,,,,,CHAPTER-74
74081110,7408,Copper weld wire,18,,,,,CHAPTER-74
74081190,7408,Other,18,,,,,CHAPTER-74
74081910,7408,Copper weld wire,18,,,,,CHAPTER-74
74081920,7408,Welding wire,18,,,,,CHAPTER-74
74081990,7408,Other,18,,,,,CHAPTER-74
74082110,7408,Of which the maximum cross-sectional dimension exceeds 6 mm Other Silver plated flattened wire of copper (lametta) Other of which the maximum cross-sectional dimension exceeds 6 mm,18,,,,,CHAPTER-74
74082190,7408,,18,,,,,CHAPTER-74
74082210,7408,,18,,,,,CHAPTER-74
74082220,7408,,18,,,,,CHAPTER-74
74082290,7408,Other,18,,,,,CHAPTER-74
74082910,7408,Wire of bronze and similar alloys,18,,,,,CHAPTER-74
74082990,7408,Other,18,,,,,CHAPTER-74
74091100,7409,In coils,18,,,,,CHAPTER-74
74091900,7409,Other,18,,,,,CHAPTER-74
74092100,7409,In coils,18,,,,,CHAPTER-74
74092900,7409,Other,18,,,,,CHAPTER-74
74093100,7409,In coils,18,,,,,CHAPTER-74
74093900,7409,Other,18,,,,,CHAPTER-74
74094000,7409,Of copper-nickel base alloys (cupro-nickel) or copper- nickel-zinc base alloys (nickel silver),18,,,,,CHAPTER-74
74099000,7409,Of other copper alloys Of refined copper Of copper alloys Of refined copper Of copper alloys Of refined copper Of copper-zinc base alloys (brass) Of copper-nickel base alloys (cupro-nickel) or copper- nickel-zinc base alloys (nickel silver) Other Of refined copper,18,,,,,CHAPTER-74
74101100,7410,,18,,,,,CHAPTER-74
74101200,7410,,18,,,,,CHAPTER-74
74102100,7410,,18,,,,,CHAPTER-74
74102200,7410,,18,,,,,CHAPTER-74
74111000,7411,,18,,,,,CHAPTER-74
74112100,7411,,18,,,,,CHAPTER-74
74112200,7411,,18,,,,,CHAPTER-74
74112900,7411,,18,,,,,CHAPTER-74
74121000,7412,,18,,,,,CHAPTER-74
74122011,7412,Tube-well strainer,18,,,,,CHAPTER-74
74122012,7412,Hose connectors,18,,,,,CHAPTER-74
74122019,7412,Other,18,,,,,CHAPTER-74
74122090,7412,Fittings of bronze or other alloys of copper,18,,,,,CHAPTER-74
74130000,7413,"STRANDED WIRE , CABLES, PLATED BANDS AND THE LIKE, OF COPPER, NOT ELECTRICALLY INSULATED",18,,,,,CHAPTER-74
7414,Blank in Tariff,,,,,,,CHAPTER-74
74151000,7415,"Nails and tacks, drawing pins, staples and similar articles",18,,,,,CHAPTER-74
74152100,7415,Washers (including spring washers),18,,,,,CHAPTER-74
74152900,7415,Other,18,,,,,CHAPTER-74
74153310,7415,Screws for wood,18,,,,,CHAPTER-74
74153390,7415,Other,18,,,,,CHAPTER-74
74153910,7415,Rivets (excluding tubular or bifurcated),18,,,,,CHAPTER-74
74153990,7415,Other,18,,,,,CHAPTER-74
7416,Blank in Tariff,,,,,,,CHAPTER-74
7417,Blank in Tariff,,,"The GST rate for table Kitchen or other household articles is 12%, Whereas the rate for parts is 18%",,,,CHAPTER-74
74181010,7418,"Pot scourers and scouring or polishing pads, gloves and the like Utensils:",18,,,,,CHAPTER-74
74181021,7418,Of Brass,12,,,,,CHAPTER-74
74181022,7418,Of Copper,12,,,,,CHAPTER-74
74181023,7418,Of other copper alloys,12,,,,,CHAPTER-74
74181024,7418,E.P.N.S. Ware,12,,,,,CHAPTER-74
74181031,7418,Of E.P.N.S,18,,,,,CHAPTER-74
74181039,7418,Other,18,,,,,CHAPTER-74
74181090,7418,Parts,18,,,,,CHAPTER-74
74182010,7418,Sanitary ware,28,,,,,CHAPTER-74
74182020,7418,Parts of sanitary ware,28,,,,,CHAPTER-74
74191010,741910,Chain,28,,,,,CHAPTER-74
74191021,741910,Of copper chains,28,,,,,CHAPTER-74
74191029,741910,Other,28,,,,,CHAPTER-74
74199100,7419,,18,,,,,CHAPTER-74
74199910,7419,"Reservoirs, tanks, vats and similar containers of a capcity above 300 l",28,,,,,CHAPTER-74
74199920,7419,Articles of copper alloys electro-plated with nickel- silver,28,,,,,CHAPTER-74
74199930,7419,Articles of brass,28,,,,,CHAPTER-74
74199940,7419,Copper worked articles,28,,,,,CHAPTER-74
74199990,7419,Other articles of copper,28,,,,,CHAPTER-74
75011000,7501,"Nickel, not alloyed",18,,,,,CHAPTER-75
75012000,7501,Nickel oxide sinters and other intermediate products of nickel metallurgy,18,,,,,CHAPTER-75
75021000,7502,"Nickel, not alloyed",18,,,,,CHAPTER-75
75022010,7502,Cupro-nickel containing more than 40% by weight of nickel,18,,,,,CHAPTER-75
75022020,7502,Monel metal including ‘K’ monel,18,,,,,CHAPTER-75
75022030,7502,Nickel alloys containing more than 40% by weight of nickel,18,,,,,CHAPTER-75
75022040,7502,Nickel alloys containing more than 10 % but not more than 40 % by weight of nickel,18,,,,,CHAPTER-75
75022090,7502,Other,18,,,,,CHAPTER-75
75030010,7503,"Nickel scrap, namely the following :New nickel scrap covered by ISRI code word ‘Aroma’; old nickel scrap covered by ISRI code word ‘Burly’; new cupro nickel clips and solids covered by ISRI code word ‘Dandy’; cupro nickel solids covered by ISRI code word’Daunt’; soldered cupro-nickel solids covered by ISRI code word ‘Delta’; cupro nickel spinnings, turnings, borings covered by ISRI code word ‘Decoy’; miscellaneous nickel copper and nickel copper iron covered by ISRI code word ‘Depth’; new R- monel clippings solids covered by ISRI code word ‘Hitch’; new mixed monel solids and clippings covered by ISRI code word ‘House’; old monel sheet and solids covered by ISRI code word ‘Ideal’; k-monel solids",18,,,,,CHAPTER-75
75030090,7503,covered by ISRI code word Other,18,,,,,CHAPTER-75
75040000,7504,NICKEL POWDERS AND FLAKES,18,,,,,CHAPTER-75
75051110,7505,Hollow bars,18,,,,,CHAPTER-75
75051120,7505,Other bars; rods and profiles,18,,,,,CHAPTER-75
75051210,7505,Hollow bars,18,,,,,CHAPTER-75
75051220,7505,Other bars; rods and profiles,18,,,,,CHAPTER-75
75052100,7505,"Of nickel, not alloyed",18,,,,,CHAPTER-75
75052200,7505,Of nickel alloys,18,,,,,CHAPTER-75
75061000,7506,"Of nickel, not alloyed",18,,,,,CHAPTER-75
75062000,7506,Of nickel alloys,18,,,,,CHAPTER-75
75071100,7507,"Of nickel, not alloyed",18,,,,,CHAPTER-75
75071200,7507,Of nickel alloys,18,,,,,CHAPTER-75
75072000,7507,Tube or pipe fittings,18,,,,,CHAPTER-75
75081000,7508,"Cloth, grill and netting, of nickel wire",18,,,,,CHAPTER-75
75089010,7508,Electroplating anodes of nickel,18,,,,,CHAPTER-75
75089020,7508,Blanks ordinarily used for manufacturing tubes and pipes of nickel,18,,,,,CHAPTER-75
75089030,7508,Nickel screen,18,,,,,CHAPTER-75
75089090,7508,Other articles of nickel and nickel alloy,18,,,,,CHAPTER-75
"CHAPTER 76, Aluminium & Articles thereof",,,,,,,,CHAPTER-75
"76011010 7601 18, 76011020 7601 18, 76011030 7601 18, 76011040 7601 18, 76011090 7601 18, 76012010 7601 18, 76012020 7601 18, 76012030 7601 18, 76012040 7601 18, 76012090 7601 18",,,,,,,,CHAPTER-75
"76020010 7602 18, 76020090 7602 18",,,,,,,,CHAPTER-75
"76031010 7603 18, 76031090 7603 18, 76032000 7603 18",,,,,,,,CHAPTER-75
"78011000 7801 18, 78019100 7801 18, 78019910 7801 18, 78019920 7801 18, 78019930 7801 18, 78019990 7801 18",,,,,,,,CHAPTER-75
"78020010 7802 18, 78020090 7802 18",,,,,,,,CHAPTER-75
"78041110 7804 18, 78041120 7804 18, 78041910 7804 18, 78041990 7804 18, 78042000 7804 18",,,,,,,,CHAPTER-75
"78060010 7806 18, 78060020 7806 18, 78060030 7806 18, 78060090 7806 18",,,,,,,,CHAPTER-75
"79011100 7901 18, 79011200 7901 18, 79012010 7901 18, 79012090 7901 18",,,,,,,,CHAPTER-75
"79020010 7902 18, 79020090 7902 18",,,,,,,,CHAPTER-75
"79031000 7903 18, 79039000 7903 18",,,,,,,,CHAPTER-75
"79040011 7904 18, 79040012 7904 18, 79040019 7904 18, 79040021 7904 18, 79040022 7904 18, 79040029 7904 18, 79040030 7904 18",,,,,,,,CHAPTER-75
"CHAPTER 80, Tin and Articles thereof",,,,,,,,CHAPTER-75
"80011010 8001 18, 80011090 8001 18, 80012000 8001 18",,,,,,,,CHAPTER-75
"80020010 8002 18, 80020090 8002 18",,,,,,,,CHAPTER-75
"80030010 8003 18, 80030020 8003 18, 80030030 8003 18, 80030040 8003 18",,,,,,,,CHAPTER-75
"CHAPTER 81, Other Base Metals; Cermets; Articles thereof",,,,,,,,CHAPTER-75
"81011000 8101 18, 81019400 8101 18, 81019600 8101 18, 81019700 8101 18, 81019910 8101 18, 81019990 8101 18",,,,,,,,CHAPTER-75
"81021000 8102 18, 81029400 8102 18, 81029510 8102 18, 81029590 8102 18, 81029600 8102 18, 81029700 8102 18, 81029900 8102 18",,,,,,,,CHAPTER-75
"CHAPTER 82, Tools, Implements, Cutlery, Spoons and Forks, of Base Metal; Parts thereof of Base Metal",,,,,,,,CHAPTER-75
"82011000 8201 0, 82013000 8201 0, 82014000 8201 0, 82015000 8201 0, 82016000 8201 0, 82019000 8201 0",,,,,,,,CHAPTER-75
"83011000 8301 18, 83012000 8301 18, 83013000 8301 18, 83014010 8301 18, 83014090 8301 18, 83015000 8301 18, 83016000 8301 18, 83017000 8301 18",,,,,,,,CHAPTER-75
"CHAPTER 85, Electrical Machinery and Equipment and Parts thereof; Sound Recorders and Reproducers, Television, Image and Sound Recorders and Reproducers and Parts and Accessories of Such Articles",,,,,,,,CHAPTER-84
"86011000 8601 5, 86012000 8601 5",,,,,,,,CHAPTER-84
"CHAPTER 87, Vehicles Other than Railway or Tramway Rolling-Stock and Parts and Accessories thereof",,,,,,,,CHAPTER-84
"87011000 8701 12, 87012010 8701 12, 87012090 8701 28, 87013011 8701 12, 87013019 8701 12, 87013091 8701 12, 87013099 8701 12, 87019100 8701 12, 87019200 8701 12, 87019300 8701 12, 87019400 8701 12, 87019500 8701 12",,,,,,,,CHAPTER-84
"CHAPTER 88, Aircraft, Spacecraft and Parts thereof",,,,,,,,CHAPTER-84
"88010010 8801 18, 88010020 8801 18, 88010090 8801 18",,,,,,,,CHAPTER-84
"CHAPTER 89, Ships, Boats and Floating Structures",,,,,,,,CHAPTER-84
"89011010 8901 5, 89011020 8901 5, 89011030 8901 5, 89011040 8901 5, 89011090 8901 5, 89012000 8901 5, 89013000 8901 5, 89019000 8901 5",,,,,,,,CHAPTER-84
"89020010 8902 5, 89020090 8902 5",,,,,,,,CHAPTER-84
"CHAPTER 90, Optical, Photographic, Cinematographic, Measuring, Checking, Precision, Medical or Surgical, Instruments and Apparatus; Parts and Accessories thereof",,,,,,,,CHAPTER-84
90330000 9033 18,,,,,,,,CHAPTER-84
"CHAPTER 91, Clocks and Watches and Parts thereof",,,,,,,,CHAPTER-84
"92011000 9201 28, 92012000 9201 28, 92019000 9201 28",,,,,,,,CHAPTER-84
